drop_id,date,rig,usefulness,island,general_area,mpa_status,reserve_name,lat,long,time_in,depth,habitat,rugosity,relief,site,island_mpa
ANA_001,2019-08-30T00:00:00Z,3,1,Anacapa,Front Side,MPA,ANA_OLD_RESERVE,34.02636,-119.37617,1899-12-31T09:34:00Z,75,mixed_hard,medium,low,Anacapa,Anacapa MPA
ANA_002,2019-08-30T00:00:00Z,1,1,Anacapa,Front Side,MPA,ANA_OLD_RESERVE,34.01966,-119.37472,1899-12-31T09:47:00Z,30.3,soft,low,low,Anacapa,Anacapa MPA
ANA_003,2019-08-30T00:00:00Z,3,1,Anacapa,Back Side,REF,ANA_REF,34.00287,-119.37119,1899-12-31T11:01:00Z,51.2,mixed_soft,low,low,Anacapa,Anacapa REF
ANA_004,2019-09-12T00:00:00Z,8,1,Anacapa,Front Side,MPA,ANA_SMCA,34.01845,-119.4437,1899-12-31T09:02:00Z,39.8,hard,medium,low,Anacapa,Anacapa MPA
ANA_005,2019-09-12T00:00:00Z,1,1,Anacapa,Front Side,MPA,ANA_SMCA,34.02881,-119.41878,1899-12-31T09:31:00Z,83,soft,low,low,Anacapa,Anacapa MPA
ANA_006,2019-09-12T00:00:00Z,8,1,Anacapa,Front Side,MPA,ANA_OLD_RESERVE,34.02077,-119.37403,1899-12-31T10:11:00Z,41.6,soft,low,low,Anacapa,Anacapa MPA
ANA_007,2019-09-12T00:00:00Z,1,1,Anacapa,Front Side,MPA,ANA_OLD_RESERVE,34.02837,-119.37345,1899-12-31T10:51:00Z,76.3,mixed_soft,low,low,Anacapa,Anacapa MPA
ANA_008,2019-09-12T00:00:00Z,1,5,Anacapa,Back Side,REF,ANA_REF,33.9957,-119.37731,1899-12-31T12:05:00Z,69.3,NA,NA,NA,Anacapa,Anacapa REF
ANA_009,2019-09-12T00:00:00Z,8,1,Anacapa,Back Side,REF,ANA_REF,34.00119,-119.38372,1899-12-31T12:29:00Z,45.2,soft,low,low,Anacapa,Anacapa REF
ANA_010,2019-09-12T00:00:00Z,1,4,Anacapa,Back Side,REF,ANA_REF,33.99438,-119.37838,1899-12-31T12:44:00Z,71.6,hard,medium,low,Anacapa,Anacapa REF
ANA_011,2019-09-12T00:00:00Z,8,1,Anacapa,Back Side,REF,ANA_REF,33.99858,-119.40972,1899-12-31T13:49:00Z,31.7,soft,low,low,Anacapa,Anacapa REF
ANA_012,2019-10-04T00:00:00Z,1,3,Anacapa,Back Side,REF,ANA_REF,34.00887,-119.35863,1899-12-31T09:20:00Z,30.2,hard,high,high,Anacapa,Anacapa REF
ANA_013,2019-10-04T00:00:00Z,3,1,Anacapa,Back Side,REF,ANA_REF,34.01432,-119.34189,1899-12-31T09:35:00Z,54.4,soft,low,low,Anacapa,Anacapa REF
ANA_014,2019-10-04T00:00:00Z,8,4,Anacapa,Back Side,REF,ANA_REF,33.99945,-119.3568,1899-12-31T09:53:00Z,73.5,mixed_hard,high,medium,Anacapa,Anacapa REF
ANA_015,2019-10-04T00:00:00Z,1,2,Anacapa,Back Side,REF,ANA_REF,34.01122,-119.34883,1899-12-31T10:16:00Z,47.5,soft,low,low,Anacapa,Anacapa REF
ANA_016,2019-10-04T00:00:00Z,8,3,Anacapa,Back Side,REF,ANA_REF,34.01585,-119.34403,1899-12-31T11:26:00Z,45.1,soft,low,low,Anacapa,Anacapa REF
ANA_017,2019-10-04T00:00:00Z,8,3,Anacapa,Front Side,MPA,ANA_OLD_RESERVE,34.02761,-119.37634,1899-12-31T12:55:00Z,75.4,soft,low,low,Anacapa,Anacapa MPA
ANA_018,2019-10-04T00:00:00Z,3,1,Anacapa,Front Side,MPA,ANA_OLD_RESERVE,34.02403,-119.37518,1899-12-31T13:06:00Z,59.3,soft,low,low,Anacapa,Anacapa MPA
ANA_019,2019-10-04T00:00:00Z,1,1,Anacapa,Front Side,MPA,ANA_OLD_RESERVE,34.02134,-119.37746,1899-12-31T13:16:00Z,53.1,soft,low,low,Anacapa,Anacapa MPA
ANA_020,2019-10-04T00:00:00Z,8,1,Anacapa,Front Side,MPA,ANA_NEW_RESERVE,34.01719,-119.38384,1899-12-31T13:50:00Z,38.3,mixed_soft,medium,low,Anacapa,Anacapa MPA
ANA_021,2019-10-04T00:00:00Z,3,5,Anacapa,Front Side,MPA,ANA_NEW_RESERVE,34.0171,-119.39346,1899-12-31T14:10:00Z,47.8,mixed_soft,low,low,Anacapa,Anacapa MPA
ANA_022,2019-10-22T00:00:00Z,1,1,Anacapa,Front Side,MPA,ANA_OLD_RESERVE,34.02455,-119.36285,1899-12-31T09:51:00Z,52,soft,low,low,Anacapa,Anacapa MPA
ANA_023,2019-10-22T00:00:00Z,3,1,Anacapa,Front Side,MPA,ANA_OLD_RESERVE,34.02615,-119.36593,1899-12-31T09:56:00Z,61,soft,low,low,Anacapa,Anacapa MPA
ANA_024,2019-10-22T00:00:00Z,8,1,Anacapa,Front Side,MPA,ANA_OLD_RESERVE,34.02533,-119.37248,1899-12-31T10:04:00Z,60,mixed_soft,medium,low,Anacapa,Anacapa MPA
ANA_025,2019-12-09T00:00:00Z,1,1,Anacapa,Back Side,REF,ANA_REF,33.99554,-119.41295,1899-12-31T09:24:00Z,46.9,soft,low,low,Anacapa,Anacapa REF
ANA_026,2019-12-09T00:00:00Z,11,1,Anacapa,Back Side,REF,ANA_REF,33.99674,-119.42184,1899-12-31T09:34:00Z,48.8,soft,low,low,Anacapa,Anacapa REF
ANA_027,2019-12-09T00:00:00Z,3,1,Anacapa,Back Side,REF,ANA_REF,34.00317,-119.43143,1899-12-31T09:41:00Z,40.4,soft,low,low,Anacapa,Anacapa REF
ANA_028,2019-12-09T00:00:00Z,3,1,Anacapa,Front Side,MPA,ANA_NEW_RESERVE,34.01455,-119.39426,1899-12-31T10:46:00Z,39.8,soft,low,low,Anacapa,Anacapa MPA
ANA_029,2019-12-09T00:00:00Z,11,1,Anacapa,Front Side,MPA,ANA_NEW_RESERVE,34.01626,-119.38792,1899-12-31T10:52:00Z,40.9,soft,low,low,Anacapa,Anacapa MPA
ANA_030,2019-12-09T00:00:00Z,1,4,Anacapa,Front Side,MPA,ANA_OLD_RESERVE,34.02078,-119.37146,1899-12-31T11:01:00Z,34.7,mixed_hard,NA,NA,Anacapa,Anacapa MPA
ANA_031,2019-12-13T00:00:00Z,3,1,Anacapa,Front Side,MPA,ANA_NEW_RESERVE,34.0158,-119.38899,1899-12-31T09:18:00Z,35.9,mixed_hard,low,low,Anacapa,Anacapa MPA
ANA_032,2019-12-13T00:00:00Z,1,1,Anacapa,Front Side,MPA,ANA_NEW_RESERVE,34.01375,-119.39685,1899-12-31T09:35:00Z,48.8,soft,low,low,Anacapa,Anacapa MPA
ANA_033,2019-12-13T00:00:00Z,11,1,Anacapa,Front Side,MPA,ANA_NEW_RESERVE,34.01022,-119.40655,1899-12-31T09:47:00Z,41.2,soft,low,low,Anacapa,Anacapa MPA
ANA_034,2019-12-13T00:00:00Z,11,1,Anacapa,Front Side,MPA,ANA_SMCA,34.01849,-119.43533,1899-12-31T10:51:00Z,36.2,soft,low,low,Anacapa,Anacapa MPA
ANA_035,2019-12-13T00:00:00Z,3,1,Anacapa,Front Side,MPA,ANA_SMCA,34.01971,-119.4281,1899-12-31T11:04:00Z,48.7,soft,low,low,Anacapa,Anacapa MPA
ANA_036,2019-12-13T00:00:00Z,1,1,Anacapa,Front Side,MPA,ANA_SMCA,34.01252,-119.41402,1899-12-31T11:21:00Z,32.4,soft,low,low,Anacapa,Anacapa MPA
ANA_037,2019-12-13T00:00:00Z,3,1,Anacapa,Back Side,REF,ANA_REF,34.00567,-119.43797000000001,1899-12-31T11:57:00Z,37,hard,high,high,Anacapa,Anacapa REF
ANA_038,2019-12-13T00:00:00Z,11,5,Anacapa,Back Side,REF,ANA_REF,34.00931,-119.44092,1899-12-31T12:05:00Z,37.7,soft,low,low,Anacapa,Anacapa REF
ANA_039,2019-12-13T00:00:00Z,3,3,Anacapa,Back Side,REF,ANA_REF,34.00075,-119.4354,1899-12-31T13:20:00Z,53.2,mixed_hard,high,high,Anacapa,Anacapa REF
ANA_040,2019-12-13T00:00:00Z,11,1,Anacapa,Back Side,REF,ANA_REF,33.99599,-119.41642,1899-12-31T13:30:00Z,44.9,mixed_soft,medium,low,Anacapa,Anacapa REF
ANA_041,2019-12-13T00:00:00Z,1,1,Anacapa,Back Side,REF,ANA_REF,33.99586,-119.40648,1899-12-31T13:38:00Z,40.3,mixed_soft,medium,low,Anacapa,Anacapa REF
ANA_042,2019-12-20T00:00:00Z,3,1,Anacapa,Front Side,MPA,ANA_SMCA,34.02748,-119.42416,1899-12-31T10:14:00Z,77.6,mixed_soft,low,low,Anacapa,Anacapa MPA
ANA_043,2019-12-20T00:00:00Z,1,1,Anacapa,Front Side,MPA,ANA_SMCA,34.02478,-119.42346,1899-12-31T10:31:00Z,73.9,soft,low,low,Anacapa,Anacapa MPA
ANA_044,2019-12-20T00:00:00Z,11,1,Anacapa,Front Side,MPA,ANA_SMCA,34.02845,-119.43324,1899-12-31T10:49:00Z,79.1,soft,low,low,Anacapa,Anacapa MPA
ANA_045,2019-12-20T00:00:00Z,11,1,Anacapa,Back Side,REF,ANA_REF,33.9891,-119.43559,1899-12-31T11:49:00Z,82.4,soft,low,low,Anacapa,Anacapa REF
ANA_046,2019-12-20T00:00:00Z,1,1,Anacapa,Back Side,REF,ANA_REF,33.98889,-119.42188,1899-12-31T12:03:00Z,77.2,mixed_soft,low,low,Anacapa,Anacapa REF
ANA_047,2019-12-20T00:00:00Z,3,2,Anacapa,Back Side,REF,ANA_REF,33.99009,-119.40853,1899-12-31T12:12:00Z,81.5,soft,low,low,Anacapa,Anacapa REF
ANA_048,2019-12-20T00:00:00Z,3,2,Anacapa,Back Side,REF,ANA_REF,33.99268,-119.39081,1899-12-31T13:21:00Z,72.8,mixed_hard,high,high,Anacapa,Anacapa REF
ANA_049,2019-12-20T00:00:00Z,1,5,Anacapa,Back Side,REF,ANA_REF,33.9898,-119.38508,1899-12-31T13:31:00Z,93.1,mixed_soft,low,low,Anacapa,Anacapa REF
ANA_050,2019-12-20T00:00:00Z,11,1,Anacapa,Back Side,REF,ANA_REF,33.99219,-119.37627,1899-12-31T13:45:00Z,83.6,mixed_soft,medium,low,Anacapa,Anacapa REF
ANA_051,2019-12-20T00:00:00Z,11,1,Anacapa,Front Side,MPA,ANA_OLD_RESERVE,34.02933,-119.36946,1899-12-31T14:47:00Z,76.4,mixed_soft,medium,low,Anacapa,Anacapa MPA
ANA_052,2019-12-20T00:00:00Z,1,2,Anacapa,Front Side,MPA,ANA_NEW_RESERVE,34.02707,-119.38035,1899-12-31T14:59:00Z,76.5,soft,low,low,Anacapa,Anacapa MPA
ANA_053,2019-12-20T00:00:00Z,3,1,Anacapa,Front Side,MPA,ANA_NEW_RESERVE,34.02333,-119.38734,1899-12-31T15:15:00Z,71.8,soft,low,low,Anacapa,Anacapa MPA
ANA_054,2020-05-28T00:00:00Z,3,2,Anacapa,Back Side,REF,ANA_REF,33.998106,-119.441272,1899-12-31T09:41:00Z,54.4,mixed_soft,low,low,Anacapa,Anacapa REF
ANA_055,2020-05-28T00:00:00Z,1,5,Anacapa,Back Side,REF,ANA_REF,34.00494,-119.43626,1899-12-31T09:55:00Z,42.5,NA,NA,NA,Anacapa,Anacapa REF
ANA_056,2020-05-28T00:00:00Z,11,1,Anacapa,Back Side,REF,ANA_REF,33.997656,-119.41779,1899-12-31T10:11:00Z,37.9,soft,low,low,Anacapa,Anacapa REF
ANA_057,2020-05-28T00:00:00Z,11,1,Anacapa,Back Side,REF,ANA_REF,33.996155,-119.411435,1899-12-31T11:10:00Z,42.3,soft,low,low,Anacapa,Anacapa REF
ANA_058,2020-05-28T00:00:00Z,1,1,Anacapa,Back Side,REF,ANA_REF,33.999331,-119.38717,1899-12-31T11:28:00Z,48.1,mixed_soft,low,low,Anacapa,Anacapa REF
ANA_059,2020-05-28T00:00:00Z,3,1,Anacapa,Back Side,REF,ANA_REF,33.994796,-119.39842,1899-12-31T11:40:00Z,55.9,soft,low,low,Anacapa,Anacapa REF
ANA_060,2020-05-28T00:00:00Z,3,1,Anacapa,Back Side,REF,ANA_REF,33.999077,-119.376009,1899-12-31T12:56:00Z,53.9,mixed_soft,medium,low,Anacapa,Anacapa REF
ANA_061,2020-05-28T00:00:00Z,1,1,Anacapa,Back Side,REF,ANA_REF,34.003428,-119.372811,1899-12-31T13:11:00Z,46.5,soft,low,low,Anacapa,Anacapa REF
ANA_062,2020-05-28T00:00:00Z,11,4,Anacapa,Back Side,REF,ANA_REF,34.006268,-119.363538,1899-12-31T13:25:00Z,45.6,mixed_hard,medium,low,Anacapa,Anacapa REF
ANA_063,2020-05-28T00:00:00Z,11,3,Anacapa,Back Side,REF,ANA_REF,34.012872,-119.348708,1899-12-31T14:27:00Z,39.1,hard,medium,low,Anacapa,Anacapa REF
ANA_064,2020-05-28T00:00:00Z,1,3,Anacapa,Back Side,REF,ANA_REF,34.01697,-119.345961,1899-12-31T14:40:00Z,41.9,soft,low,low,Anacapa,Anacapa REF
ANA_065,2020-05-29T00:00:00Z,1,3,Anacapa,Back Side,REF,ANA_REF,34.01768,-119.34108,1899-12-31T09:01:00Z,58.8,mixed_hard,medium,low,Anacapa,Anacapa REF
ANA_066,2020-05-29T00:00:00Z,11,4,Anacapa,Back Side,REF,ANA_REF,34.007898,-119.357959,1899-12-31T09:28:00Z,44,mixed_soft,medium,low,Anacapa,Anacapa REF
ANA_067,2020-05-29T00:00:00Z,1,1,Anacapa,Back Side,REF,ANA_REF,34.011831,-119.345985,1899-12-31T09:55:00Z,56.7,soft,low,low,Anacapa,Anacapa REF
ANA_068,2020-05-29T00:00:00Z,11,1,Anacapa,Back Side,REF,ANA_REF,34.006427,-119.359003,1899-12-31T10:23:00Z,47.3,mixed_soft,medium,low,Anacapa,Anacapa REF
ANA_069,2020-05-29T00:00:00Z,3,4,Anacapa,Back Side,REF,ANA_REF,34.000019,-119.373131,1899-12-31T10:34:00Z,53.6,mixed_hard,medium,low,Anacapa,Anacapa REF
ANA_070,2020-05-29T00:00:00Z,3,1,Anacapa,Back Side,REF,ANA_REF,33.994203,-119.402441,1899-12-31T11:33:00Z,50.1,mixed_soft,low,low,Anacapa,Anacapa REF
ANA_071,2020-05-29T00:00:00Z,3,2,Anacapa,Back Side,REF,ANA_REF,33.994828,-119.416688,1899-12-31T12:32:00Z,46.2,mixed_hard,high,medium,Anacapa,Anacapa REF
ANA_072,2020-05-29T00:00:00Z,11,1,Anacapa,Back Side,REF,ANA_REF,33.999704,-119.422987,1899-12-31T12:42:00Z,33.2,soft,low,low,Anacapa,Anacapa REF
ANA_073,2020-05-29T00:00:00Z,1,2,Anacapa,Back Side,REF,ANA_REF,33.994338,-119.427324,1899-12-31T12:55:00Z,62.1,mixed_hard,high,medium,Anacapa,Anacapa REF
ANA_074,2020-05-29T00:00:00Z,1,1,Anacapa,Back Side,REF,ANA_REF,33.998093,-119.432802,1899-12-31T14:00:00Z,58.4,mixed_soft,low,low,Anacapa,Anacapa REF
ANA_075,2020-05-29T00:00:00Z,11,3,Anacapa,Back Side,REF,ANA_REF,34.009359,-119.441543,1899-12-31T14:13:00Z,41,soft,low,low,Anacapa,Anacapa REF
ANA_076,2020-05-29T00:00:00Z,3,4,Anacapa,Back Side,REF,ANA_REF,34.005788,-119.439178,1899-12-31T14:26:00Z,43.1,mixed_hard,medium,medium,Anacapa,Anacapa REF
ANA_077,2020-05-30T00:00:00Z,1,1,Anacapa,Back Side,REF,ANA_REF,33.99413,-119.439058,1899-12-31T08:54:00Z,65.4,mixed_hard,medium,low,Anacapa,Anacapa REF
ANA_078,2020-05-30T00:00:00Z,3,2,Anacapa,Back Side,REF,ANA_REF,34.000887,-119.437855,1899-12-31T09:06:00Z,51.7,mixed_soft,low,low,Anacapa,Anacapa REF
ANA_079,2020-05-30T00:00:00Z,11,1,Anacapa,Back Side,REF,ANA_REF,33.99573,-119.405195,1899-12-31T09:24:00Z,41.6,soft,low,low,Anacapa,Anacapa REF
ANA_080,2020-05-30T00:00:00Z,11,1,Anacapa,Back Side,REF,ANA_REF,34.000276,-119.367415,1899-12-31T10:18:00Z,63.1,soft,low,low,Anacapa,Anacapa REF
ANA_081,2020-05-30T00:00:00Z,3,1,Anacapa,Back Side,REF,ANA_REF,34.017251,-119.343118,1899-12-31T10:35:00Z,48.8,mixed_hard,medium,low,Anacapa,Anacapa REF
ANA_082,2020-05-30T00:00:00Z,1,1,Anacapa,Back Side,REF,ANA_REF,34.017445,-119.342445,1899-12-31T10:45:00Z,53.8,mixed_soft,low,low,Anacapa,Anacapa REF
ANA_083,2020-05-30T00:00:00Z,11,2,Anacapa,Back Side,REF,ANA_REF,34.01778,-119.341546,1899-12-31T11:18:00Z,59,hard,medium,medium,Anacapa,Anacapa REF
ANA_084,2020-05-30T00:00:00Z,11,1,Anacapa,Back Side,REF,ANA_REF,34.024372,-119.350482,1899-12-31T12:23:00Z,55.2,mixed_hard,medium,low,Anacapa,Anacapa REF
ANA_085,2020-05-30T00:00:00Z,1,1,Anacapa,Back Side,REF,ANA_REF,34.024846,-119.350923,1899-12-31T12:27:00Z,58,mixed_soft,medium,low,Anacapa,Anacapa REF
ANA_086,2020-05-30T00:00:00Z,3,1,Anacapa,Back Side,REF,ANA_REF,34.025637,-119.351546,1899-12-31T12:37:00Z,59.6,soft,low,low,Anacapa,Anacapa REF
ANA_087,2020-05-30T00:00:00Z,1,1,Anacapa,Back Side,REF,ANA_REF,33.996414,-119.377401,1899-12-31T13:45:00Z,67.1,soft,low,low,Anacapa,Anacapa REF
ANA_088,2020-05-30T00:00:00Z,11,4,Anacapa,Back Side,REF,ANA_REF,33.995764,-119.402828,1899-12-31T14:00:00Z,42.8,NA,NA,NA,Anacapa,Anacapa REF
ANA_089,2020-06-05T00:00:00Z,1,3,Anacapa,Front Side,MPA,ANA_SMCA,34.020816,-119.443617,1899-12-31T09:01:00Z,45.3,mixed_hard,high,high,Anacapa,Anacapa MPA
ANA_090,2020-06-05T00:00:00Z,11,1,Anacapa,Front Side,MPA,ANA_SMCA,34.019426,-119.442994,1899-12-31T09:14:00Z,44.5,soft,low,low,Anacapa,Anacapa MPA
ANA_091,2020-06-05T00:00:00Z,3,3,Anacapa,Front Side,MPA,ANA_SMCA,34.021385,-119.440512,1899-12-31T09:22:00Z,50.5,mixed_soft,low,low,Anacapa,Anacapa MPA
ANA_092,2020-06-05T00:00:00Z,3,5,Anacapa,Front Side,MPA,ANA_NEW_RESERVE,34.013655,-119.394562,1899-12-31T10:31:00Z,35.6,mixed_soft,low,low,Anacapa,Anacapa MPA
ANA_093,2020-06-05T00:00:00Z,11,1,Anacapa,Front Side,MPA,ANA_NEW_RESERVE,34.016544,-119.393569,1899-12-31T10:41:00Z,44.1,mixed_hard,medium,low,Anacapa,Anacapa MPA
ANA_094,2020-06-05T00:00:00Z,1,1,Anacapa,Front Side,MPA,ANA_NEW_RESERVE,34.017338,-119.389709,1899-12-31T10:54:00Z,50.1,mixed_hard,medium,low,Anacapa,Anacapa MPA
ANA_095,2020-06-05T00:00:00Z,1,1,Anacapa,Front Side,MPA,ANA_OLD_RESERVE,34.020755,-119.371745,1899-12-31T11:48:00Z,34.6,hard,medium,low,Anacapa,Anacapa MPA
ANA_096,2020-06-05T00:00:00Z,11,2,Anacapa,Front Side,MPA,ANA_OLD_RESERVE,34.023423,-119.368446,1899-12-31T11:56:00Z,44.1,mixed_hard,medium,medium,Anacapa,Anacapa MPA
ANA_097,2020-06-05T00:00:00Z,3,1,Anacapa,Front Side,MPA,ANA_OLD_RESERVE,34.020578,-119.362114,1899-12-31T12:14:00Z,30.3,soft,low,low,Anacapa,Anacapa MPA
ANA_098,2020-06-05T00:00:00Z,3,2,Anacapa,Front Side,MPA,ANA_OLD_RESERVE,34.025204,-119.363691,1899-12-31T13:15:00Z,54.1,mixed_soft,medium,low,Anacapa,Anacapa MPA
ANA_099,2020-06-05T00:00:00Z,11,1,Anacapa,Front Side,MPA,ANA_OLD_RESERVE,34.022245,-119.367192,1899-12-31T13:23:00Z,36.2,soft,low,low,Anacapa,Anacapa MPA
ANA_100,2020-06-05T00:00:00Z,1,1,Anacapa,Front Side,MPA,ANA_NEW_RESERVE,34.020136,-119.382616,1899-12-31T13:38:00Z,56.4,mixed_soft,medium,low,Anacapa,Anacapa MPA
ANA_101,2020-06-09T00:00:00Z,11,1,Anacapa,Front Side,MPA,ANA_OLD_RESERVE,34.020705,-119.357654,1899-12-31T08:07:00Z,32.6,mixed_hard,medium,low,Anacapa,Anacapa MPA
ANA_102,2020-06-09T00:00:00Z,1,2,Anacapa,Front Side,MPA,ANA_OLD_RESERVE,34.026384,-119.36558,1899-12-31T08:18:00Z,60.8,mixed_hard,medium,low,Anacapa,Anacapa MPA
ANA_103,2020-06-09T00:00:00Z,1,2,Anacapa,Front Side,MPA,ANA_OLD_RESERVE,34.026846,-119.371107,1899-12-31T09:00:00Z,64.6,hard,medium,medium,Anacapa,Anacapa MPA
ANA_104,2020-06-09T00:00:00Z,11,2,Anacapa,Front Side,MPA,ANA_OLD_RESERVE,34.025232,-119.372754,1899-12-31T09:06:00Z,58.8,mixed_soft,medium,low,Anacapa,Anacapa MPA
ANA_105,2020-06-09T00:00:00Z,11,1,Anacapa,Front Side,MPA,ANA_OLD_RESERVE,34.019948,-119.374355,1899-12-31T09:53:00Z,34.7,soft,low,low,Anacapa,Anacapa MPA
ANA_106,2020-06-09T00:00:00Z,1,3,Anacapa,Front Side,MPA,ANA_OLD_RESERVE,34.026394,-119.378347,1899-12-31T10:05:00Z,65.6,soft,low,low,Anacapa,Anacapa MPA
ANA_107,2020-06-09T00:00:00Z,1,2,Anacapa,Front Side,MPA,ANA_NEW_RESERVE,34.017102,-119.384212,1899-12-31T10:57:00Z,39.2,soft,low,low,Anacapa,Anacapa MPA
ANA_108,2020-06-09T00:00:00Z,11,4,Anacapa,Front Side,MPA,ANA_NEW_RESERVE,34.017203,-119.394906,1899-12-31T11:07:00Z,56.4,soft,low,low,Anacapa,Anacapa MPA
ANA_109,2020-06-09T00:00:00Z,11,1,Anacapa,Front Side,MPA,ANA_NEW_RESERVE,34.012595,-119.396589,1899-12-31T12:46:00Z,39.8,soft,low,low,Anacapa,Anacapa MPA
ANA_110,2020-06-09T00:00:00Z,1,1,Anacapa,Front Side,MPA,ANA_NEW_RESERVE,34.010095,-119.405952,1899-12-31T12:55:00Z,41.7,soft,low,low,Anacapa,Anacapa MPA
ANA_111,2020-06-09T00:00:00Z,1,4,Anacapa,Front Side,MPA,ANA_SMCA,34.018716,-119.441902,1899-12-31T13:43:00Z,34,hard,medium,medium,Anacapa,Anacapa MPA
ANA_112,2020-06-09T00:00:00Z,11,1,Anacapa,Front Side,MPA,ANA_SMCA,34.021223,-119.442049,1899-12-31T13:47:00Z,48.3,mixed_hard,medium,low,Anacapa,Anacapa MPA
ANA_113,2020-06-11T00:00:00Z,11,3,Anacapa,Front Side,MPA,ANA_OLD_RESERVE,34.023349,-119.359062,1899-12-31T08:23:00Z,45.8,soft,low,low,Anacapa,Anacapa MPA
ANA_114,2020-06-11T00:00:00Z,1,1,Anacapa,Front Side,MPA,ANA_OLD_RESERVE,34.022766,-119.367744,1899-12-31T08:42:00Z,36,hard,high,high,Anacapa,Anacapa MPA
ANA_115,2020-06-11T00:00:00Z,1,3,Anacapa,Front Side,MPA,ANA_OLD_RESERVE,34.026824,-119.367232,1899-12-31T09:34:00Z,63.6,mixed_soft,low,low,Anacapa,Anacapa MPA
ANA_116,2020-06-11T00:00:00Z,11,1,Anacapa,Front Side,MPA,ANA_OLD_RESERVE,34.023259,-119.373478,1899-12-31T09:48:00Z,52.7,mixed_hard,medium,low,Anacapa,Anacapa MPA
ANA_117,2020-06-11T00:00:00Z,11,1,Anacapa,Front Side,MPA,ANA_OLD_RESERVE,34.02182,-119.377296,1899-12-31T10:44:00Z,54.2,soft,low,low,Anacapa,Anacapa MPA
ANA_118,2020-06-11T00:00:00Z,1,1,Anacapa,Front Side,MPA,ANA_OLD_RESERVE,34.027091,-119.377148,1899-12-31T10:57:00Z,68.9,soft,low,low,Anacapa,Anacapa MPA
ANA_119,2020-06-11T00:00:00Z,1,2,Anacapa,Front Side,MPA,ANA_OLD_RESERVE,34.02673,-119.373968,1899-12-31T11:45:00Z,63.5,soft,low,low,Anacapa,Anacapa MPA
ANA_120,2020-06-11T00:00:00Z,11,2,Anacapa,Front Side,MPA,ANA_NEW_RESERVE,34.019077,-119.389256,1899-12-31T11:55:00Z,53.7,mixed_soft,low,low,Anacapa,Anacapa MPA
ANA_121,2020-06-11T00:00:00Z,11,1,Anacapa,Front Side,MPA,ANA_NEW_RESERVE,34.016495,-119.392495,1899-12-31T12:52:00Z,42.7,mixed_soft,low,low,Anacapa,Anacapa MPA
ANA_122,2020-06-11T00:00:00Z,1,1,Anacapa,Front Side,MPA,ANA_NEW_RESERVE,34.010183,-119.406298,1899-12-31T13:11:00Z,40.1,soft,low,low,Anacapa,Anacapa MPA
ANA_123,2020-06-11T00:00:00Z,1,2,Anacapa,Front Side,MPA,ANA_SMCA,34.018737,-119.442565,1899-12-31T14:00:00Z,36.2,mixed_hard,medium,medium,Anacapa,Anacapa MPA
ANA_124,2020-06-11T00:00:00Z,11,1,Anacapa,Front Side,MPA,ANA_SMCA,34.019939,-119.442641,1899-12-31T14:04:00Z,46,soft,low,low,Anacapa,Anacapa MPA
ANA_125,2020-06-19T00:00:00Z,1,1,Anacapa,Front Side,MPA,ANA_SMCA,34.021177,-119.440521,1899-12-31T07:46:00Z,46.6,soft,low,low,Anacapa,Anacapa MPA
ANA_126,2020-06-19T00:00:00Z,11,1,Anacapa,Front Side,MPA,ANA_SMCA,34.018672,-119.443608,1899-12-31T07:55:00Z,41.8,soft,low,low,Anacapa,Anacapa MPA
ANA_127,2020-06-19T00:00:00Z,11,1,Anacapa,Front Side,MPA,ANA_NEW_RESERVE,34.00999,-119.407513,1899-12-31T08:44:00Z,34.8,soft,low,low,Anacapa,Anacapa MPA
ANA_128,2020-06-19T00:00:00Z,1,1,Anacapa,Front Side,MPA,ANA_NEW_RESERVE,34.017955,-119.39447,1899-12-31T08:55:00Z,58,mixed_soft,low,low,Anacapa,Anacapa MPA
ANA_129,2020-06-19T00:00:00Z,1,4,Anacapa,Front Side,MPA,ANA_NEW_RESERVE,34.018136,-119.385765,1899-12-31T09:49:00Z,49.6,mixed_soft,low,low,Anacapa,Anacapa MPA
ANA_130,2020-06-19T00:00:00Z,11,1,Anacapa,Front Side,MPA,ANA_OLD_RESERVE,34.022491,-119.370566,1899-12-31T10:01:00Z,43.2,mixed_soft,medium,low,Anacapa,Anacapa MPA
ANA_131,2020-06-19T00:00:00Z,11,1,Anacapa,Front Side,MPA,ANA_OLD_RESERVE,34.02647,-119.374567,1899-12-31T10:58:00Z,62.2,soft,low,low,Anacapa,Anacapa MPA
ANA_132,2020-06-19T00:00:00Z,1,1,Anacapa,Front Side,MPA,ANA_OLD_RESERVE,34.025958,-119.376692,1899-12-31T11:54:00Z,61.5,mixed_hard,medium,medium,Anacapa,Anacapa MPA
ANA_133,2020-06-19T00:00:00Z,11,1,Anacapa,Front Side,MPA,ANA_OLD_RESERVE,34.023782,-119.360338,1899-12-31T12:01:00Z,50.1,mixed_hard,medium,medium,Anacapa,Anacapa MPA
ANA_134,2020-06-19T00:00:00Z,1,2,Anacapa,Front Side,MPA,ANA_OLD_RESERVE,34.026734,-119.365743,1899-12-31T12:25:00Z,62.5,hard,medium,low,Anacapa,Anacapa MPA
ANA_135,2020-06-19T00:00:00Z,11,1,Anacapa,Front Side,MPA,ANA_OLD_RESERVE,34.024493,-119.363921,1899-12-31T12:49:00Z,51,soft,low,low,Anacapa,Anacapa MPA
ANA_136,2020-06-19T00:00:00Z,1,1,Anacapa,Front Side,MPA,ANA_OLD_RESERVE,34.024698,-119.368988,1899-12-31T13:16:00Z,55.8,soft,low,low,Anacapa,Anacapa MPA
ANA_137,2020-08-07T00:00:00Z,11,1,Anacapa,Front Side,MPA,ANA_OLD_RESERVE,34.022875,-119.367388,1899-12-31T08:30:00Z,37.7,mixed_soft,low,low,Anacapa,Anacapa MPA
ANA_138,2020-08-07T00:00:00Z,3,1,Anacapa,Front Side,MPA,ANA_OLD_RESERVE,34.025052,-119.363345,1899-12-31T08:49:00Z,52.4,mixed_hard,medium,low,Anacapa,Anacapa MPA
ANA_139,2020-08-07T00:00:00Z,3,1,Anacapa,Front Side,MPA,ANA_OLD_RESERVE,34.023153,-119.370465,1899-12-31T09:40:00Z,45.1,mixed_hard,medium,high,Anacapa,Anacapa MPA
ANA_140,2020-08-07T00:00:00Z,11,1,Anacapa,Front Side,MPA,ANA_NEW_RESERVE,34.021657,-119.379231,1899-12-31T10:04:00Z,58.3,hard,medium,medium,Anacapa,Anacapa MPA
ANA_141,2020-08-07T00:00:00Z,11,4,Anacapa,Back Side,REF,ANA_REF,34.008116,-119.360927,1899-12-31T11:31:00Z,41.4,soft,low,low,Anacapa,Anacapa REF
ANA_142,2020-08-07T00:00:00Z,3,4,Anacapa,Back Side,REF,ANA_REF,34.009007,-119.357706,1899-12-31T11:37:00Z,38.3,hard,medium,low,Anacapa,Anacapa REF
ANA_143,2020-08-07T00:00:00Z,3,2,Anacapa,Front Side,MPA,ANA_NEW_RESERVE,34.015483,-119.392686,1899-12-31T13:32:00Z,30.6,mixed_hard,medium,high,Anacapa,Anacapa MPA
ANA_144,2020-08-07T00:00:00Z,11,1,Anacapa,Front Side,MPA,ANA_NEW_RESERVE,34.016913,-119.387667,1899-12-31T13:41:00Z,44.2,hard,high,high,Anacapa,Anacapa MPA
ANA_201,2020-08-23T00:00:00Z,11,2,Anacapa,Back Side,REF,ANA_REF,34.025444,-119.346348,1899-12-31T09:48:00Z,64.9,mixed_soft,low,low,Anacapa,Anacapa REF
ANA_202,2020-08-23T00:00:00Z,3,5,Anacapa,Back Side,REF,ANA_REF,34.023393,-119.347341,1899-12-31T09:57:00Z,52.9,mixed_hard,medium,low,Anacapa,Anacapa REF
ANA_203,2020-08-24T00:00:00Z,11,4,Anacapa,Back Side,REF,ANA_REF,34.006115,-119.363629,1899-12-31T10:30:00Z,44.3,hard,high,medium,Anacapa,Anacapa REF
ANA_204,2020-08-24T00:00:00Z,11,1,Anacapa,Front Side,MPA,ANA_SMCA,34.018234,-119.43661,1899-12-31T11:52:00Z,31.2,soft,low,low,Anacapa,Anacapa MPA
ANA_145,2020-09-26T00:00:00Z,11,2,Anacapa,Front Side,MPA,ANA_OLD_RESERVE,34.023796,-119.371656,1899-12-31T09:47:00Z,52.3,mixed_hard,medium,low,Anacapa,Anacapa MPA
ANA_146,2020-09-26T00:00:00Z,3,2,Anacapa,Front Side,MPA,ANA_OLD_RESERVE,34.021745,-119.368476,1899-12-31T10:02:00Z,30.9,mixed_soft,low,low,Anacapa,Anacapa MPA
ANA_147,2020-09-26T00:00:00Z,3,1,Anacapa,Front Side,MPA,ANA_OLD_RESERVE,34.020799,-119.371338,1899-12-31T10:50:00Z,34.9,mixed_soft,medium,low,Anacapa,Anacapa MPA
ANA_148,2020-09-26T00:00:00Z,11,1,Anacapa,Front Side,MPA,ANA_OLD_RESERVE,34.019635,-119.374523,1899-12-31T10:59:00Z,30.4,mixed_hard,high,medium,Anacapa,Anacapa MPA
ANA_149,2020-09-26T00:00:00Z,11,1,Anacapa,Front Side,MPA,ANA_NEW_RESERVE,34.016448,-119.394208,1899-12-31T11:57:00Z,47.6,mixed_hard,medium,low,Anacapa,Anacapa MPA
ANA_150,2020-09-26T00:00:00Z,3,2,Anacapa,Front Side,MPA,ANA_NEW_RESERVE,34.013061,-119.395871,1899-12-31T12:09:00Z,33.8,mixed_hard,medium,low,Anacapa,Anacapa MPA
ANA_151,2020-09-26T00:00:00Z,3,1,Anacapa,Back Side,REF,ANA_REF,34.005784,-119.439312,1899-12-31T13:05:00Z,43.8,mixed_hard,high,high,Anacapa,Anacapa REF
ANA_152,2020-09-26T00:00:00Z,11,1,Anacapa,Back Side,REF,ANA_REF,34.005912,-119.435845,1899-12-31T13:18:00Z,39.2,soft,low,low,Anacapa,Anacapa REF
ANA_153,2020-09-26T00:00:00Z,11,4,Anacapa,Back Side,REF,ANA_REF,34.009514,-119.358735,1899-12-31T14:27:00Z,31.7,mixed_hard,low,low,Anacapa,Anacapa REF
ANA_154,2020-09-26T00:00:00Z,3,1,Anacapa,Back Side,REF,ANA_REF,34.007785,-119.355134,1899-12-31T14:39:00Z,47.4,hard,high,high,Anacapa,Anacapa REF
ANA_155,2020-09-26T00:00:00Z,3,4,Anacapa,Back Side,REF,ANA_REF,34.012664,-119.349706,1899-12-31T15:23:00Z,34.3,mixed_hard,medium,low,Anacapa,Anacapa REF
ANA_156,2020-09-26T00:00:00Z,11,1,Anacapa,Back Side,REF,ANA_REF,34.014539,-119.349149,1899-12-31T15:28:00Z,33.6,mixed_hard,medium,low,Anacapa,Anacapa REF
ANA_157,2020-10-03T00:00:00Z,3,1,Anacapa,Back Side,REF,ANA_REF,34.000583,-119.441267,1899-12-31T08:22:00Z,51.4,soft,low,low,Anacapa,Anacapa REF
ANA_158,2020-10-03T00:00:00Z,11,3,Anacapa,Back Side,REF,ANA_REF,34.003161,-119.437052,1899-12-31T08:30:00Z,53.2,soft,low,low,Anacapa,Anacapa REF
ANA_159,2020-10-03T00:00:00Z,11,1,Anacapa,Front Side,MPA,ANA_NEW_RESERVE,34.018131,-119.395005,1899-12-31T09:45:00Z,62.6,soft,low,low,Anacapa,Anacapa MPA
ANA_160,2020-10-03T00:00:00Z,3,2,Anacapa,Front Side,MPA,ANA_NEW_RESERVE,34.018517,-119.389201,1899-12-31T09:56:00Z,52.7,hard,medium,medium,Anacapa,Anacapa MPA
ANA_161,2020-10-03T00:00:00Z,3,1,Anacapa,Front Side,MPA,ANA_NEW_RESERVE,34.020165,-119.382051,1899-12-31T10:50:00Z,54.5,mixed_hard,medium,low,Anacapa,Anacapa MPA
ANA_162,2020-10-03T00:00:00Z,11,1,Anacapa,Front Side,MPA,ANA_OLD_RESERVE,34.026351,-119.37555,1899-12-31T10:58:00Z,66.2,soft,low,low,Anacapa,Anacapa MPA
ANA_163,2020-10-03T00:00:00Z,11,1,Anacapa,Front Side,MPA,ANA_OLD_RESERVE,34.023566,-119.372981,1899-12-31T11:44:00Z,54.4,mixed_soft,low,low,Anacapa,Anacapa MPA
ANA_164,2020-10-03T00:00:00Z,3,1,Anacapa,Front Side,MPA,ANA_OLD_RESERVE,34.026669,-119.371133,1899-12-31T11:50:00Z,62.9,mixed_soft,low,low,Anacapa,Anacapa MPA
ANA_165,2020-10-03T00:00:00Z,3,1,Anacapa,Back Side,REF,ANA_REF,33.994169,-119.405816,1899-12-31T13:11:00Z,52.4,mixed_soft,low,low,Anacapa,Anacapa REF
ANA_166,2020-10-03T00:00:00Z,11,4,Anacapa,Back Side,REF,ANA_REF,33.993149,-119.41436,1899-12-31T13:25:00Z,52.7,hard,high,high,Anacapa,Anacapa REF
ANA_167,2020-10-03T00:00:00Z,11,1,Anacapa,Back Side,REF,ANA_REF,33.993368,-119.423988,1899-12-31T14:11:00Z,58.5,soft,low,low,Anacapa,Anacapa REF
ANA_168,2020-10-03T00:00:00Z,3,1,Anacapa,Back Side,REF,ANA_REF,33.99431,-119.42698,1899-12-31T14:19:00Z,62.6,mixed_hard,low,low,Anacapa,Anacapa REF
ANA_169,2020-10-24T00:00:00Z,3,1,Anacapa,Back Side,REF,ANA_REF,34.016574,-119.335116,1899-12-31T09:12:00Z,80.1,hard,high,medium,Anacapa,Anacapa REF
ANA_170,2020-10-24T00:00:00Z,11,5,Anacapa,Back Side,REF,ANA_REF,34.014981,-119.337356,1899-12-31T09:22:00Z,81,mixed_hard,medium,low,Anacapa,Anacapa REF
ANA_171,2020-10-24T00:00:00Z,11,3,Anacapa,Back Side,REF,ANA_REF,34.013997,-119.333899,1899-12-31T09:45:00Z,87.7,soft,low,low,Anacapa,Anacapa REF
ANA_172,2020-10-24T00:00:00Z,11,3,Anacapa,Back Side,REF,ANA_REF,33.991828,-119.390021,1899-12-31T10:47:00Z,80.9,soft,low,low,Anacapa,Anacapa REF
ANA_173,2020-10-24T00:00:00Z,11,1,Anacapa,Front Side,MPA,ANA_SMCA,34.024776,-119.427825,1899-12-31T11:59:00Z,74.6,soft,low,low,Anacapa,Anacapa MPA
ANA_174,2020-10-24T00:00:00Z,3,1,Anacapa,Front Side,MPA,ANA_SMCA,34.02422,-119.421018,1899-12-31T12:14:00Z,73.6,soft,low,low,Anacapa,Anacapa MPA
ANA_175,2020-10-24T00:00:00Z,3,5,Anacapa,Front Side,MPA,ANA_OLD_RESERVE,34.027448,-119.37738,1899-12-31T13:20:00Z,72,soft,low,low,Anacapa,Anacapa MPA
ANA_176,2020-10-24T00:00:00Z,11,1,Anacapa,Front Side,MPA,ANA_OLD_RESERVE,34.028849,-119.370939,1899-12-31T13:28:00Z,73.8,mixed_hard,medium,low,Anacapa,Anacapa MPA
ANA_177,2020-10-24T00:00:00Z,11,2,Anacapa,Front Side,MPA,ANA_NEW_RESERVE,34.016844,-119.383341,1899-12-31T14:39:00Z,31.8,hard,high,high,Anacapa,Anacapa MPA
ANA_178,2020-10-24T00:00:00Z,3,4,Anacapa,Front Side,MPA,ANA_NEW_RESERVE,34.01573,-119.389967,1899-12-31T14:50:00Z,34.5,hard,high,high,Anacapa,Anacapa MPA
ANA_179,2020-10-24T00:00:00Z,3,2,Anacapa,Back Side,REF,ANA_REF,34.01303,-119.351232,1899-12-31T15:45:00Z,33.4,hard,high,high,Anacapa,Anacapa REF
ANA_180,2020-10-24T00:00:00Z,11,1,Anacapa,Back Side,REF,ANA_REF,34.015265,-119.347158,1899-12-31T15:53:00Z,39.8,soft,low,low,Anacapa,Anacapa REF
ANA_181,2020-10-28T00:00:00Z,3,3,Anacapa,Back Side,REF,ANA_REF,34.012711,-119.340342,1899-12-31T07:58:00Z,75.9,mixed_hard,medium,low,Anacapa,Anacapa REF
ANA_182,2020-10-28T00:00:00Z,11,3,Anacapa,Back Side,REF,ANA_REF,34.010269,-119.344103,1899-12-31T08:26:00Z,72.8,soft,low,low,Anacapa,Anacapa REF
ANA_183,2020-10-28T00:00:00Z,11,1,Anacapa,Front Side,MPA,ANA_NEW_RESERVE,34.027041,-119.38057,1899-12-31T09:20:00Z,77.6,soft,low,low,Anacapa,Anacapa MPA
ANA_184,2020-10-28T00:00:00Z,3,1,Anacapa,Front Side,MPA,ANA_NEW_RESERVE,34.023735,-119.387056,1899-12-31T09:29:00Z,73.7,soft,low,low,Anacapa,Anacapa MPA
ANA_185,2020-10-28T00:00:00Z,3,1,Anacapa,Front Side,MPA,ANA_NEW_RESERVE,34.022251,-119.393961,1899-12-31T10:23:00Z,75,soft,low,low,Anacapa,Anacapa MPA
ANA_186,2020-10-28T00:00:00Z,11,1,Anacapa,Front Side,MPA,ANA_SMCA,34.021913,-119.418032,1899-12-31T10:34:00Z,70.4,soft,low,low,Anacapa,Anacapa MPA
ANA_187,2020-10-28T00:00:00Z,11,1,Anacapa,Front Side,MPA,ANA_SMCA,34.027869,-119.418696,1899-12-31T11:21:00Z,80.7,mixed_soft,low,low,Anacapa,Anacapa MPA
ANA_188,2020-10-28T00:00:00Z,3,1,Anacapa,Front Side,MPA,ANA_SMCA,34.027453,-119.431582,1899-12-31T11:32:00Z,77.8,soft,low,low,Anacapa,Anacapa MPA
ANA_189,2020-10-28T00:00:00Z,3,2,Anacapa,Back Side,REF,ANA_REF,33.99125,-119.384787,1899-12-31T12:58:00Z,79.4,hard,medium,low,Anacapa,Anacapa REF
ANA_190,2020-10-28T00:00:00Z,11,1,Anacapa,Back Side,REF,ANA_REF,33.993387,-119.380329,1899-12-31T13:05:00Z,76.2,soft,low,low,Anacapa,Anacapa REF
ANA_191,2020-10-28T00:00:00Z,11,1,Anacapa,Back Side,REF,ANA_REF,33.997317,-119.359778,1899-12-31T13:57:00Z,73.3,mixed_hard,medium,medium,Anacapa,Anacapa REF
ANA_192,2020-10-28T00:00:00Z,3,2,Anacapa,Back Side,REF,ANA_REF,33.999109,-119.356567,1899-12-31T14:04:00Z,73.6,soft,low,low,Anacapa,Anacapa REF
ANA_193,2020-10-29T00:00:00Z,3,1,Anacapa,Front Side,MPA,ANA_OLD_RESERVE,34.026673,-119.367288,1899-12-31T08:10:00Z,63.5,mixed_hard,medium,low,Anacapa,Anacapa MPA
ANA_194,2020-10-29T00:00:00Z,11,1,Anacapa,Front Side,MPA,ANA_OLD_RESERVE,34.02387,-119.357451,1899-12-31T08:28:00Z,52.2,soft,low,low,Anacapa,Anacapa MPA
ANA_195,2020-10-29T00:00:00Z,11,2,Anacapa,Front Side,MPA,ANA_OLD_RESERVE,34.026625,-119.374042,1899-12-31T09:18:00Z,62.8,mixed_hard,medium,low,Anacapa,Anacapa MPA
ANA_196,2020-10-29T00:00:00Z,3,1,Anacapa,Front Side,MPA,ANA_OLD_RESERVE,34.024394,-119.375938,1899-12-31T09:25:00Z,60.6,mixed_hard,medium,low,Anacapa,Anacapa MPA
ANA_197,2020-10-29T00:00:00Z,3,3,Anacapa,Back Side,REF,ANA_REF,34.019839,-119.343301,1899-12-31T10:28:00Z,55.7,hard,medium,low,Anacapa,Anacapa REF
ANA_198,2020-10-29T00:00:00Z,11,3,Anacapa,Back Side,REF,ANA_REF,34.016143,-119.340089,1899-12-31T10:34:00Z,58.8,mixed_soft,low,low,Anacapa,Anacapa REF
ANA_199,2020-10-29T00:00:00Z,3,5,Anacapa,Back Side,REF,ANA_REF,34.000951,-119.373576,1899-12-31T11:43:00Z,50.5,mixed_hard,medium,low,Anacapa,Anacapa REF
ANA_200,2020-10-29T00:00:00Z,11,3,Anacapa,Back Side,REF,ANA_REF,33.999088,-119.435185,1899-12-31T12:38:00Z,55.1,soft,low,low,Anacapa,Anacapa REF
CAR_001,2019-09-27T00:00:00Z,8,1,Santa Rosa,Outside Carrington MPA,REF,CARRINGTON_REF,34.07118,-120.06594,1899-12-31T09:12:00Z,49.8,soft,low,low,Carrington Pt.,Carrington Pt. REF
CAR_002,2019-09-27T00:00:00Z,3,1,Santa Rosa,Outside Carrington MPA,REF,CARRINGTON_REF,34.06693,-120.0768,1899-12-31T09:26:00Z,43.7,hard,medium,medium,Carrington Pt.,Carrington Pt. REF
CAR_003,2019-09-27T00:00:00Z,1,1,Santa Rosa,Outside Carrington MPA,REF,CARRINGTON_REF,34.06928,-120.06189,1899-12-31T09:43:00Z,43.9,hard,medium,medium,Carrington Pt.,Carrington Pt. REF
CAR_004,2019-09-27T00:00:00Z,8,1,Santa Rosa,Carrington MPA,MPA,CARRINGTON_MPA,34.06409,-120.06274,1899-12-31T10:09:00Z,36.6,mixed_soft,low,low,Carrington Pt.,Carrington Pt. MPA
CAR_005,2019-09-27T00:00:00Z,3,1,Santa Rosa,Carrington MPA,MPA,CARRINGTON_MPA,34.06035,-120.05202,1899-12-31T10:34:00Z,39.4,mixed_hard,low,low,Carrington Pt.,Carrington Pt. MPA
CAR_006,2019-09-27T00:00:00Z,1,5,Santa Rosa,Carrington MPA,MPA,CARRINGTON_MPA,34.0597,-120.06499,1899-12-31T10:52:00Z,35.3,soft,low,low,Carrington Pt.,Carrington Pt. MPA
CAR_007,2019-09-27T00:00:00Z,1,3,Santa Rosa,Carrington MPA,MPA,CARRINGTON_MPA,34.05076,-120.0825,1899-12-31T11:42:00Z,33.1,hard,medium,medium,Carrington Pt.,Carrington Pt. MPA
CAR_008,2019-09-27T00:00:00Z,3,1,Santa Rosa,Carrington MPA,MPA,CARRINGTON_MPA,34.0617,-120.08213,1899-12-31T11:53:00Z,43.4,soft,low,low,Carrington Pt.,Carrington Pt. MPA
CAR_009,2019-09-27T00:00:00Z,8,1,Santa Rosa,Carrington MPA,MPA,CARRINGTON_MPA,34.06329,-120.07437,1899-12-31T12:04:00Z,35.9,mixed_hard,medium,low,Carrington Pt.,Carrington Pt. MPA
CAR_010,2019-09-27T00:00:00Z,1,2,Santa Rosa,Outside Carrington MPA,REF,CARRINGTON_REF,34.05745,-120.09087,1899-12-31T12:37:00Z,41.6,mixed_soft,low,low,Carrington Pt.,Carrington Pt. REF
CAR_011,2019-09-27T00:00:00Z,3,1,Santa Rosa,Outside Carrington MPA,REF,CARRINGTON_REF,34.06461,-120.09073,1899-12-31T12:55:00Z,50.3,soft,low,low,Carrington Pt.,Carrington Pt. REF
CAR_012,2019-09-27T00:00:00Z,8,2,Santa Rosa,Outside Carrington MPA,REF,CARRINGTON_REF,34.05164,-120.10201,1899-12-31T13:37:00Z,45.9,hard,medium,medium,Carrington Pt.,Carrington Pt. REF
CAR_013,2019-09-27T00:00:00Z,1,4,Santa Rosa,Outside Carrington MPA,REF,CARRINGTON_REF,34.05874,-120.07903,1899-12-31T13:49:00Z,30.9,hard,medium,medium,Carrington Pt.,Carrington Pt. REF
CAR_014,2019-10-06T00:00:00Z,8,1,Santa Rosa,Outside Carrington MPA,REF,CARRINGTON_REF,34.07321,-120.06432,1899-12-31T08:35:00Z,48.6,soft,low,low,Carrington Pt.,Carrington Pt. REF
CAR_015,2019-10-06T00:00:00Z,3,1,Santa Rosa,Outside Carrington MPA,REF,CARRINGTON_REF,34.07055,-120.06676,1899-12-31T08:44:00Z,48.8,hard,high,high,Carrington Pt.,Carrington Pt. REF
CAR_016,2019-10-06T00:00:00Z,1,1,Santa Rosa,Outside Carrington MPA,REF,CARRINGTON_REF,34.06882,-120.07311,1899-12-31T08:53:00Z,40.4,hard,medium,low,Carrington Pt.,Carrington Pt. REF
CAR_017,2019-10-06T00:00:00Z,1,1,Santa Rosa,Carrington MPA,MPA,CARRINGTON_MPA,34.05988,-120.06147,1899-12-31T09:44:00Z,34.3,soft,low,low,Carrington Pt.,Carrington Pt. MPA
CAR_018,2019-10-06T00:00:00Z,3,4,Santa Rosa,Carrington MPA,MPA,CARRINGTON_MPA,34.0616,-120.05534,1899-12-31T09:52:00Z,34.7,mixed_hard,medium,medium,Carrington Pt.,Carrington Pt. MPA
CAR_019,2019-10-06T00:00:00Z,8,1,Santa Rosa,Carrington MPA,MPA,CARRINGTON_MPA,34.05668,-120.05199,1899-12-31T10:02:00Z,36.9,mixed_hard,medium,low,Carrington Pt.,Carrington Pt. MPA
CAR_020,2019-10-06T00:00:00Z,8,1,Santa Rosa,Carrington MPA,MPA,CARRINGTON_MPA,34.05098,-120.08281,1899-12-31T11:23:00Z,32.9,hard,medium,low,Carrington Pt.,Carrington Pt. MPA
CAR_021,2019-10-06T00:00:00Z,3,2,Santa Rosa,Carrington MPA,MPA,CARRINGTON_MPA,34.05813,-120.08025,1899-12-31T11:33:00Z,30.4,hard,high,high,Carrington Pt.,Carrington Pt. MPA
CAR_022,2019-10-06T00:00:00Z,1,2,Santa Rosa,Outside Carrington MPA,REF,CARRINGTON_REF,34.05876,-120.09521,1899-12-31T11:43:00Z,52.2,soft,low,low,Carrington Pt.,Carrington Pt. REF
CAR_023,2019-10-06T00:00:00Z,1,3,Santa Rosa,Carrington MPA,MPA,CARRINGTON_MPA,34.06545,-120.0853,1899-12-31T12:32:00Z,44.2,hard,medium,low,Carrington Pt.,Carrington Pt. MPA
CAR_024,2019-10-06T00:00:00Z,3,2,Santa Rosa,Outside Carrington MPA,REF,CARRINGTON_REF,34.05771,-120.09312,1899-12-31T12:46:00Z,41.9,mixed_soft,low,low,Carrington Pt.,Carrington Pt. REF
CAR_025,2019-11-01T00:00:00Z,3,1,Santa Rosa,Carrington MPA,MPA,CARRINGTON_MPA,34.06229,-120.04987,1899-12-31T09:50:00Z,48.1,mixed_hard,medium,low,Carrington Pt.,Carrington Pt. MPA
CAR_026,2019-11-01T00:00:00Z,8,1,Santa Rosa,Carrington MPA,MPA,CARRINGTON_MPA,34.05405,-120.05246,1899-12-31T10:07:00Z,34.4,mixed_hard,high,high,Carrington Pt.,Carrington Pt. MPA
CAR_027,2019-11-01T00:00:00Z,1,4,Santa Rosa,Carrington MPA,MPA,CARRINGTON_MPA,34.05322,-120.06096,1899-12-31T10:19:00Z,30.7,hard,medium,medium,Carrington Pt.,Carrington Pt. MPA
CAR_028,2019-11-01T00:00:00Z,1,1,Santa Rosa,Carrington MPA,MPA,CARRINGTON_MPA,34.06306,-120.07168,1899-12-31T11:12:00Z,30.2,hard,high,low,Carrington Pt.,Carrington Pt. MPA
CAR_029,2019-11-01T00:00:00Z,8,2,Santa Rosa,Carrington MPA,MPA,CARRINGTON_MPA,34.06079,-120.07918,1899-12-31T11:22:00Z,38.5,mixed_hard,medium,low,Carrington Pt.,Carrington Pt. MPA
CAR_030,2019-11-01T00:00:00Z,3,3,Santa Rosa,Carrington MPA,MPA,CARRINGTON_MPA,34.06295,-120.08551,1899-12-31T11:32:00Z,43.2,hard,medium,low,Carrington Pt.,Carrington Pt. MPA
CAR_031,2019-11-01T00:00:00Z,3,1,Santa Rosa,Outside Carrington MPA,REF,CARRINGTON_REF,34.05579,-120.09338,1899-12-31T12:59:00Z,36.5,mixed_soft,low,low,Carrington Pt.,Carrington Pt. REF
CAR_032,2019-11-01T00:00:00Z,8,5,Santa Rosa,Outside Carrington MPA,REF,CARRINGTON_REF,34.05496,-120.09946,1899-12-31T13:09:00Z,48,soft,low,low,Carrington Pt.,Carrington Pt. REF
CAR_033,2019-11-01T00:00:00Z,1,1,Santa Rosa,Outside Carrington MPA,REF,CARRINGTON_REF,34.05236,-120.10415,1899-12-31T13:20:00Z,48.5,soft,low,low,Carrington Pt.,Carrington Pt. REF
CAR_034,2019-11-01T00:00:00Z,1,2,Santa Rosa,Outside Carrington MPA,REF,CARRINGTON_REF,34.05201,-120.13213,1899-12-31T14:10:00Z,33.7,mixed_hard,medium,medium,Carrington Pt.,Carrington Pt. REF
CAR_035,2019-11-01T00:00:00Z,8,1,Santa Rosa,Outside Carrington MPA,REF,CARRINGTON_REF,34.05593,-120.14644,1899-12-31T14:18:00Z,40.9,hard,medium,low,Carrington Pt.,Carrington Pt. REF
CAR_036,2019-11-01T00:00:00Z,3,1,Santa Rosa,Outside Carrington MPA,REF,CARRINGTON_REF,34.05261,-120.14751,1899-12-31T14:25:00Z,32.6,mixed_soft,low,low,Carrington Pt.,Carrington Pt. REF
CAR_037,2019-11-12T00:00:00Z,3,2,Santa Rosa,Carrington MPA,MPA,CARRINGTON_MPA,34.05951,-120.05459,1899-12-31T09:16:00Z,33.2,hard,high,medium,Carrington Pt.,Carrington Pt. MPA
CAR_038,2019-11-12T00:00:00Z,1,4,Santa Rosa,Carrington MPA,MPA,CARRINGTON_MPA,34.06334,-120.06437,1899-12-31T09:29:00Z,37.8,NA,NA,NA,Carrington Pt.,Carrington Pt. MPA
CAR_039,2019-11-12T00:00:00Z,8,1,Santa Rosa,Outside Carrington MPA,REF,CARRINGTON_REF,34.07157,-120.06257,1899-12-31T10:40:00Z,49.4,mixed_hard,low,low,Carrington Pt.,Carrington Pt. REF
CAR_040,2019-11-12T00:00:00Z,8,3,Santa Rosa,Carrington MPA,MPA,CARRINGTON_MPA,34.05891,-120.06765,1899-12-31T09:44:00Z,32.9,mixed_hard,medium,low,Carrington Pt.,Carrington Pt. MPA
CAR_041,2019-11-12T00:00:00Z,1,4,Santa Rosa,Outside Carrington MPA,REF,CARRINGTON_REF,34.07018,-120.07195,1899-12-31T10:51:00Z,43.8,mixed_hard,NA,NA,Carrington Pt.,Carrington Pt. REF
CAR_042,2019-11-12T00:00:00Z,3,1,Santa Rosa,Outside Carrington MPA,REF,CARRINGTON_REF,34.06736,-120.05914,1899-12-31T11:03:00Z,42.4,mixed_hard,medium,medium,Carrington Pt.,Carrington Pt. REF
CAR_043,2019-11-12T00:00:00Z,3,2,Santa Rosa,Carrington MPA,MPA,CARRINGTON_MPA,34.05982,-120.08118,1899-12-31T12:13:00Z,37.1,mixed_hard,low,low,Carrington Pt.,Carrington Pt. MPA
CAR_044,2019-11-12T00:00:00Z,1,1,Santa Rosa,Outside Carrington MPA,REF,CARRINGTON_REF,34.04991,-120.1031,1899-12-31T12:38:00Z,43.5,soft,low,low,Carrington Pt.,Carrington Pt. REF
CAR_045,2019-11-18T00:00:00Z,1,1,Santa Rosa,Carrington MPA,MPA,CARRINGTON_MPA,34.05944,-120.0544,1899-12-31T08:58:00Z,34.1,mixed_hard,medium,low,Carrington Pt.,Carrington Pt. MPA
CAR_046,2019-11-18T00:00:00Z,3,1,Santa Rosa,Carrington MPA,MPA,CARRINGTON_MPA,34.05894,-120.06728,1899-12-31T09:05:00Z,33,hard,medium,low,Carrington Pt.,Carrington Pt. MPA
CAR_047,2019-11-18T00:00:00Z,8,5,Santa Rosa,Carrington MPA,MPA,CARRINGTON_MPA,34.06326,-120.06373,1899-12-31T09:11:00Z,35.5,NA,NA,NA,Carrington Pt.,Carrington Pt. MPA
CAR_048,2019-11-18T00:00:00Z,8,5,Santa Rosa,Outside Carrington MPA,REF,CARRINGTON_REF,34.06862,-120.05736,1899-12-31T09:59:00Z,48.6,NA,NA,NA,Carrington Pt.,Carrington Pt. REF
CAR_049,2019-11-18T00:00:00Z,1,2,Santa Rosa,Outside Carrington MPA,REF,CARRINGTON_REF,34.07146,-120.0625,1899-12-31T10:09:00Z,48.9,mixed_hard,medium,low,Carrington Pt.,Carrington Pt. REF
CAR_050,2019-11-18T00:00:00Z,3,1,Santa Rosa,Outside Carrington MPA,REF,CARRINGTON_REF,34.06947,-120.0724,1899-12-31T10:17:00Z,42.7,hard,medium,low,Carrington Pt.,Carrington Pt. REF
CAR_051,2019-11-18T00:00:00Z,3,2,Santa Rosa,Carrington MPA,MPA,CARRINGTON_MPA,34.06118,-120.08427,1899-12-31T11:47:00Z,43.1,mixed_soft,low,low,Carrington Pt.,Carrington Pt. MPA
CAR_052,2019-11-18T00:00:00Z,1,2,Santa Rosa,Carrington MPA,MPA,CARRINGTON_MPA,34.0601,-120.0812,1899-12-31T11:51:00Z,37.7,soft,low,low,Carrington Pt.,Carrington Pt. MPA
CAR_053,2019-11-18T00:00:00Z,1,5,Santa Rosa,Outside Carrington MPA,REF,CARRINGTON_REF,34.0604,-120.09097,1899-12-31T12:46:00Z,49.6,soft,low,low,Carrington Pt.,Carrington Pt. REF
CAR_054,2019-11-18T00:00:00Z,3,1,Santa Rosa,Outside Carrington MPA,REF,CARRINGTON_REF,34.04996,-120.10332,1899-12-31T12:53:00Z,46.1,soft,low,low,Carrington Pt.,Carrington Pt. REF
CAR_055,2019-12-10T00:00:00Z,11,1,Santa Rosa,Carrington MPA,MPA,CARRINGTON_MPA,34.05234,-120.04432,1899-12-31T09:11:00Z,39.1,soft,low,low,Carrington Pt.,Carrington Pt. MPA
CAR_056,2019-12-10T00:00:00Z,1,4,Santa Rosa,Carrington MPA,MPA,CARRINGTON_MPA,34.05387,-120.04703,1899-12-31T09:26:00Z,39.8,mixed_hard,high,medium,Carrington Pt.,Carrington Pt. MPA
CAR_057,2019-12-10T00:00:00Z,3,1,Santa Rosa,Carrington MPA,MPA,CARRINGTON_MPA,34.05016,-120.03838,1899-12-31T09:41:00Z,34.9,mixed_hard,medium,low,Carrington Pt.,Carrington Pt. MPA
CAR_058,2019-12-10T00:00:00Z,3,1,Santa Rosa,Outside Carrington MPA,REF,CARRINGTON_REF,34.05439,-120.1465,1899-12-31T10:48:00Z,38.6,mixed_soft,low,low,Carrington Pt.,Carrington Pt. REF
CAR_059,2019-12-10T00:00:00Z,1,1,Santa Rosa,Outside Carrington MPA,REF,CARRINGTON_REF,34.05328,-120.13457,1899-12-31T10:56:00Z,35.4,soft,low,low,Carrington Pt.,Carrington Pt. REF
CAR_060,2019-12-10T00:00:00Z,11,1,Santa Rosa,Outside Carrington MPA,REF,CARRINGTON_REF,34.04915,-120.118667,1899-12-31T11:12:00Z,39.4,mixed_hard,low,low,Carrington Pt.,Carrington Pt. REF
CAR_061,2019-12-10T00:00:00Z,1,1,Santa Rosa,Outside Carrington MPA,REF,CARRINGTON_REF,34.047848,-120.105055,1899-12-31T13:15:00Z,42.2,soft,low,low,Carrington Pt.,Carrington Pt. REF
CAR_062,2019-12-10T00:00:00Z,3,1,Santa Rosa,Carrington MPA,MPA,CARRINGTON_MPA,34.054055,-120.041612,1899-12-31T13:33:00Z,42.5,soft,low,low,Carrington Pt.,Carrington Pt. MPA
CAR_063,2020-08-09T00:00:00Z,11,4,Santa Rosa,Outside Carrington MPA,REF,CARRINGTON_REF,34.070638,-120.068651,1899-12-31T08:46:00Z,49.7,mixed_hard,medium,low,Carrington Pt.,Carrington Pt. REF
CAR_064,2020-08-09T00:00:00Z,3,4,Santa Rosa,Outside Carrington MPA,REF,CARRINGTON_REF,34.068967,-120.075529,1899-12-31T08:54:00Z,45.9,mixed_hard,medium,low,Carrington Pt.,Carrington Pt. REF
CAR_065,2020-08-09T00:00:00Z,3,1,Santa Rosa,Carrington MPA,MPA,CARRINGTON_MPA,34.062906,-120.072524,1899-12-31T09:39:00Z,31,hard,medium,low,Carrington Pt.,Carrington Pt. MPA
CAR_066,2020-08-09T00:00:00Z,11,1,Santa Rosa,Carrington MPA,MPA,CARRINGTON_MPA,34.063249,-120.066212,1899-12-31T09:46:00Z,36.3,hard,low,low,Carrington Pt.,Carrington Pt. MPA
CAR_067,2020-08-09T00:00:00Z,11,1,Santa Rosa,Carrington MPA,MPA,CARRINGTON_MPA,34.057606,-120.066611,1899-12-31T10:41:00Z,35.8,hard,high,medium,Carrington Pt.,Carrington Pt. MPA
CAR_068,2020-08-09T00:00:00Z,3,1,Santa Rosa,Carrington MPA,MPA,CARRINGTON_MPA,34.053028,-120.059663,1899-12-31T10:50:00Z,33.9,mixed_soft,low,low,Carrington Pt.,Carrington Pt. MPA
CAR_069,2020-08-09T00:00:00Z,3,1,Santa Rosa,Carrington MPA,MPA,CARRINGTON_MPA,34.057252,-120.052471,1899-12-31T11:36:00Z,35,mixed_hard,high,medium,Carrington Pt.,Carrington Pt. MPA
CAR_070,2020-08-09T00:00:00Z,11,4,Santa Rosa,Carrington MPA,MPA,CARRINGTON_MPA,34.062037,-120.055776,1899-12-31T11:45:00Z,36.3,NA,NA,NA,Carrington Pt.,Carrington Pt. MPA
CAR_071,2020-08-09T00:00:00Z,11,1,Santa Rosa,Outside Carrington MPA,REF,CARRINGTON_REF,34.055816,-120.096706,1899-12-31T12:48:00Z,43.5,soft,low,low,Carrington Pt.,Carrington Pt. REF
CAR_072,2020-08-09T00:00:00Z,3,1,Santa Rosa,Outside Carrington MPA,REF,CARRINGTON_REF,34.049996,-120.103002,1899-12-31T13:01:00Z,44.8,hard,low,low,Carrington Pt.,Carrington Pt. REF
CAR_073,2020-08-09T00:00:00Z,3,1,Santa Rosa,Outside Carrington MPA,REF,CARRINGTON_REF,34.049762,-120.145363,1899-12-31T13:55:00Z,31.8,mixed_hard,low,low,Carrington Pt.,Carrington Pt. REF
CAR_074,2020-08-09T00:00:00Z,11,1,Santa Rosa,Outside Carrington MPA,REF,CARRINGTON_REF,34.053187,-120.149318,1899-12-31T14:03:00Z,37.1,soft,low,low,Carrington Pt.,Carrington Pt. REF
CAR_075,2020-08-10T00:00:00Z,11,1,Santa Rosa,Carrington MPA,MPA,CARRINGTON_MPA,34.051852,-120.043718,1899-12-31T08:32:00Z,39.6,hard,low,low,Carrington Pt.,Carrington Pt. MPA
CAR_076,2020-08-10T00:00:00Z,3,2,Santa Rosa,Carrington MPA,MPA,CARRINGTON_MPA,34.054595,-120.051931,1899-12-31T08:44:00Z,34.1,hard,low,low,Carrington Pt.,Carrington Pt. MPA
CAR_077,2020-08-10T00:00:00Z,3,1,Santa Rosa,Carrington MPA,MPA,CARRINGTON_MPA,34.061632,-120.052097,1899-12-31T09:31:00Z,44.1,soft,low,low,Carrington Pt.,Carrington Pt. MPA
CAR_078,2020-08-10T00:00:00Z,11,1,Santa Rosa,Carrington MPA,MPA,CARRINGTON_MPA,34.064129,-120.061459,1899-12-31T09:40:00Z,31.8,mixed_hard,medium,low,Carrington Pt.,Carrington Pt. MPA
CAR_079,2020-08-10T00:00:00Z,11,1,Santa Rosa,Outside Carrington MPA,REF,CARRINGTON_REF,34.070462,-120.062515,1899-12-31T10:32:00Z,44.4,mixed_hard,high,medium,Carrington Pt.,Carrington Pt. REF
CAR_080,2020-08-10T00:00:00Z,3,1,Santa Rosa,Outside Carrington MPA,REF,CARRINGTON_REF,34.072769,-120.063379,1899-12-31T10:38:00Z,49.6,soft,low,low,Carrington Pt.,Carrington Pt. REF
CAR_081,2020-08-10T00:00:00Z,3,1,Santa Rosa,Carrington MPA,MPA,CARRINGTON_MPA,34.064526,-120.081481,1899-12-31T11:25:00Z,44.9,mixed_soft,low,low,Carrington Pt.,Carrington Pt. MPA
CAR_082,2020-08-10T00:00:00Z,11,2,Santa Rosa,Carrington MPA,MPA,CARRINGTON_MPA,34.061746,-120.083552,1899-12-31T11:35:00Z,43.8,soft,low,low,Carrington Pt.,Carrington Pt. MPA
CAR_083,2020-08-10T00:00:00Z,11,1,Santa Rosa,Outside Carrington MPA,REF,CARRINGTON_REF,34.054287,-120.100991,1899-12-31T12:28:00Z,48.8,soft,low,low,Carrington Pt.,Carrington Pt. REF
CAR_084,2020-08-10T00:00:00Z,3,1,Santa Rosa,Outside Carrington MPA,REF,CARRINGTON_REF,34.054033,-120.097737,1899-12-31T12:34:00Z,45.3,soft,low,low,Carrington Pt.,Carrington Pt. REF
CAR_085,2020-08-10T00:00:00Z,3,2,Santa Rosa,Outside Carrington MPA,REF,CARRINGTON_REF,34.048213,-120.118328,1899-12-31T13:29:00Z,31.3,hard,high,high,Carrington Pt.,Carrington Pt. REF
CAR_086,2020-08-10T00:00:00Z,11,1,Santa Rosa,Outside Carrington MPA,REF,CARRINGTON_REF,34.050079,-120.12593,1899-12-31T13:45:00Z,35.5,mixed_soft,low,low,Carrington Pt.,Carrington Pt. REF
CAR_087,2020-08-30T00:00:00Z,3,1,Santa Rosa,Outside Carrington MPA,REF,CARRINGTON_REF,34.052623,-120.140606,1899-12-31T09:08:00Z,33.1,mixed_hard,medium,low,Carrington Pt.,Carrington Pt. REF
CAR_088,2020-08-30T00:00:00Z,11,1,Santa Rosa,Outside Carrington MPA,REF,CARRINGTON_REF,34.053841,-120.152497,1899-12-31T09:19:00Z,41.9,soft,low,low,Carrington Pt.,Carrington Pt. REF
CAR_089,2020-08-30T00:00:00Z,11,1,Santa Rosa,Outside Carrington MPA,REF,CARRINGTON_REF,34.054854,-120.145912,1899-12-31T10:05:00Z,38.7,mixed_hard,low,low,Carrington Pt.,Carrington Pt. REF
CAR_090,2020-08-30T00:00:00Z,3,1,Santa Rosa,Outside Carrington MPA,REF,CARRINGTON_REF,34.055211,-120.141503,1899-12-31T10:14:00Z,40.1,mixed_soft,low,low,Carrington Pt.,Carrington Pt. REF
CAR_091,2020-08-30T00:00:00Z,3,3,Santa Rosa,Carrington MPA,MPA,CARRINGTON_MPA,34.055426,-120.067378,1899-12-31T11:35:00Z,32.8,soft,low,low,Carrington Pt.,Carrington Pt. MPA
CAR_092,2020-08-30T00:00:00Z,11,1,Santa Rosa,Carrington MPA,MPA,CARRINGTON_MPA,34.056605,-120.057762,1899-12-31T11:45:00Z,33.8,mixed_hard,low,low,Carrington Pt.,Carrington Pt. MPA
CAR_093,2020-08-30T00:00:00Z,11,3,Santa Rosa,Carrington MPA,MPA,CARRINGTON_MPA,34.059416,-120.057069,1899-12-31T12:36:00Z,31.7,mixed_hard,low,low,Carrington Pt.,Carrington Pt. MPA
CAR_094,2020-08-30T00:00:00Z,3,1,Santa Rosa,Carrington MPA,MPA,CARRINGTON_MPA,34.058912,-120.061728,1899-12-31T12:42:00Z,34.5,hard,low,low,Carrington Pt.,Carrington Pt. MPA
CAR_095,2020-08-30T00:00:00Z,3,1,Santa Rosa,Carrington MPA,MPA,CARRINGTON_MPA,34.059903,-120.070302,1899-12-31T13:42:00Z,32.8,hard,high,medium,Carrington Pt.,Carrington Pt. MPA
CAR_096,2020-08-30T00:00:00Z,11,2,Santa Rosa,Carrington MPA,MPA,CARRINGTON_MPA,34.059828,-120.076446,1899-12-31T13:49:00Z,30.9,mixed_hard,medium,low,Carrington Pt.,Carrington Pt. MPA
CAR_097,2020-08-30T00:00:00Z,11,1,Santa Rosa,Outside Carrington MPA,REF,CARRINGTON_REF,34.074653,-120.06598,1899-12-31T14:57:00Z,50.8,soft,low,low,Carrington Pt.,Carrington Pt. REF
CAR_098,2020-08-30T00:00:00Z,3,1,Santa Rosa,Outside Carrington MPA,REF,CARRINGTON_REF,34.069613,-120.079649,1899-12-31T15:06:00Z,51.6,soft,low,low,Carrington Pt.,Carrington Pt. REF
CAR_099,2020-08-31T00:00:00Z,3,1,Santa Rosa,Carrington MPA,MPA,CARRINGTON_MPA,34.050082,-120.037557,1899-12-31T08:19:00Z,35.5,soft,low,low,Carrington Pt.,Carrington Pt. MPA
CAR_100,2020-08-31T00:00:00Z,11,1,Santa Rosa,Carrington MPA,MPA,CARRINGTON_MPA,34.050429,-120.041219,1899-12-31T08:28:00Z,37.7,soft,low,low,Carrington Pt.,Carrington Pt. MPA
CAR_101,2020-08-31T00:00:00Z,11,1,Santa Rosa,Carrington MPA,MPA,CARRINGTON_MPA,34.052806,-120.048834,1899-12-31T09:16:00Z,32.4,mixed_hard,high,medium,Carrington Pt.,Carrington Pt. MPA
CAR_102,2020-08-31T00:00:00Z,3,1,Santa Rosa,Carrington MPA,MPA,CARRINGTON_MPA,34.053137,-120.045613,1899-12-31T09:23:00Z,36.9,hard,high,medium,Carrington Pt.,Carrington Pt. MPA
CAR_103,2020-08-31T00:00:00Z,3,1,Santa Rosa,Carrington MPA,MPA,CARRINGTON_MPA,34.054983,-120.054647,1899-12-31T10:19:00Z,34.2,mixed_hard,high,low,Carrington Pt.,Carrington Pt. MPA
CAR_104,2020-08-31T00:00:00Z,11,1,Santa Rosa,Carrington MPA,MPA,CARRINGTON_MPA,34.05694,-120.053894,1899-12-31T10:27:00Z,34.4,mixed_hard,low,low,Carrington Pt.,Carrington Pt. MPA
CAR_105,2020-08-31T00:00:00Z,11,1,Santa Rosa,Outside Carrington MPA,REF,CARRINGTON_REF,34.05043,-120.098848,1899-12-31T11:27:00Z,44.7,mixed_hard,high,low,Carrington Pt.,Carrington Pt. REF
CAR_106,2020-08-31T00:00:00Z,3,2,Santa Rosa,Outside Carrington MPA,REF,CARRINGTON_REF,34.054364,-120.092646,1899-12-31T11:35:00Z,30.6,hard,medium,medium,Carrington Pt.,Carrington Pt. REF
CAR_107,2020-08-31T00:00:00Z,3,1,Santa Rosa,Outside Carrington MPA,REF,CARRINGTON_REF,34.05072,-120.122886,1899-12-31T12:40:00Z,41.5,soft,low,low,Carrington Pt.,Carrington Pt. REF
CAR_108,2020-08-31T00:00:00Z,11,1,Santa Rosa,Outside Carrington MPA,REF,CARRINGTON_REF,34.05046,-120.129461,1899-12-31T12:48:00Z,30.5,mixed_hard,low,low,Carrington Pt.,Carrington Pt. REF
CAR_109,2020-08-31T00:00:00Z,11,1,Santa Rosa,Outside Carrington MPA,REF,CARRINGTON_REF,34.053433,-120.142367,1899-12-31T13:44:00Z,34.6,mixed_hard,medium,low,Carrington Pt.,Carrington Pt. REF
CAR_110,2020-08-31T00:00:00Z,3,1,Santa Rosa,Outside Carrington MPA,REF,CARRINGTON_REF,34.055442,-120.149134,1899-12-31T13:50:00Z,42.2,mixed_hard,high,low,Carrington Pt.,Carrington Pt. REF
CAR_111,2020-09-22T00:00:00Z,11,4,Santa Rosa,Carrington MPA,MPA,CARRINGTON_MPA,34.0639,-120.020143,1899-12-31T08:10:00Z,52.9,hard,low,low,Carrington Pt.,Carrington Pt. MPA
CAR_112,2020-09-22T00:00:00Z,3,3,Santa Rosa,Carrington MPA,MPA,CARRINGTON_MPA,34.062115,-120.021696,1899-12-31T08:24:00Z,54.4,mixed_hard,medium,low,Carrington Pt.,Carrington Pt. MPA
CAR_113,2020-09-22T00:00:00Z,3,1,Santa Rosa,Carrington MPA,MPA,CARRINGTON_MPA,34.04588,-120.018054,1899-12-31T09:09:00Z,30.7,mixed_hard,medium,low,Carrington Pt.,Carrington Pt. MPA
CAR_114,2020-09-22T00:00:00Z,11,1,Santa Rosa,Carrington MPA,MPA,CARRINGTON_MPA,34.044874,-120.023716,1899-12-31T09:19:00Z,34.2,mixed_hard,medium,low,Carrington Pt.,Carrington Pt. MPA
CAR_115,2020-09-22T00:00:00Z,11,2,Santa Rosa,Outside Carrington MPA,REF,CARRINGTON_REF,34.069287,-120.06531,1899-12-31T10:19:00Z,44.3,mixed_hard,high,medium,Carrington Pt.,Carrington Pt. REF
CAR_116,2020-09-22T00:00:00Z,3,2,Santa Rosa,Outside Carrington MPA,REF,CARRINGTON_REF,34.070663,-120.071521,1899-12-31T10:29:00Z,46.1,mixed_hard,low,low,Carrington Pt.,Carrington Pt. REF
CAR_117,2020-09-22T00:00:00Z,3,1,Santa Rosa,Carrington MPA,MPA,CARRINGTON_MPA,34.062888,-120.07776,1899-12-31T11:21:00Z,41.5,mixed_hard,low,low,Carrington Pt.,Carrington Pt. MPA
CAR_118,2020-09-22T00:00:00Z,11,2,Santa Rosa,Carrington MPA,MPA,CARRINGTON_MPA,34.059844,-120.080224,1899-12-31T11:27:00Z,35.4,mixed_hard,high,medium,Carrington Pt.,Carrington Pt. MPA
CAR_119,2020-09-22T00:00:00Z,11,5,Santa Rosa,Outside Carrington MPA,REF,CARRINGTON_REF,34.057383,-120.093448,1899-12-31T12:21:00Z,43.6,hard,medium,low,Carrington Pt.,Carrington Pt. REF
CAR_120,2020-09-22T00:00:00Z,3,4,Santa Rosa,Outside Carrington MPA,REF,CARRINGTON_REF,34.057386,-120.088947,1899-12-31T12:27:00Z,37.6,hard,high,medium,Carrington Pt.,Carrington Pt. REF
CAR_121,2020-09-22T00:00:00Z,3,1,Santa Rosa,Outside Carrington MPA,REF,CARRINGTON_REF,34.062536,-120.089879,1899-12-31T13:41:00Z,49.2,mixed_hard,high,low,Carrington Pt.,Carrington Pt. REF
CAR_122,2020-09-22T00:00:00Z,11,1,Santa Rosa,Outside Carrington MPA,REF,CARRINGTON_REF,34.052541,-120.103998,1899-12-31T13:49:00Z,49.5,soft,low,low,Carrington Pt.,Carrington Pt. REF
CAR_123,2020-10-21T00:00:00Z,3,1,Santa Rosa,Carrington MPA,MPA,CARRINGTON_MPA,34.065692,-120.02028,1899-12-31T08:49:00Z,52.5,soft,low,low,Carrington Pt.,Carrington Pt. MPA
CAR_124,2020-10-21T00:00:00Z,11,1,Santa Rosa,Carrington MPA,MPA,CARRINGTON_MPA,34.061268,-120.019849,1899-12-31T09:09:00Z,53.2,soft,low,low,Carrington Pt.,Carrington Pt. MPA
CAR_125,2020-10-21T00:00:00Z,11,1,Santa Rosa,Carrington MPA,MPA,CARRINGTON_MPA,34.056588,-120.019575,1899-12-31T09:53:00Z,49.2,hard,low,low,Carrington Pt.,Carrington Pt. MPA
CAR_126,2020-10-21T00:00:00Z,3,1,Santa Rosa,Carrington MPA,MPA,CARRINGTON_MPA,34.065129,-120.054396,1899-12-31T10:09:00Z,49.1,hard,low,low,Carrington Pt.,Carrington Pt. MPA
CAR_127,2020-10-21T00:00:00Z,3,1,Santa Rosa,Carrington MPA,MPA,CARRINGTON_MPA,34.063823,-120.083242,1899-12-31T11:04:00Z,44.2,mixed_hard,low,low,Carrington Pt.,Carrington Pt. MPA
CAR_128,2020-10-21T00:00:00Z,11,1,Santa Rosa,Carrington MPA,MPA,CARRINGTON_MPA,34.065548,-120.085491,1899-12-31T11:09:00Z,46.6,mixed_soft,low,low,Carrington Pt.,Carrington Pt. MPA
CAR_129,2020-10-21T00:00:00Z,11,1,Santa Rosa,Outside Carrington MPA,REF,CARRINGTON_REF,34.055835,-120.092569,1899-12-31T11:58:00Z,36.4,mixed_hard,high,low,Carrington Pt.,Carrington Pt. REF
CAR_130,2020-10-21T00:00:00Z,3,1,Santa Rosa,Outside Carrington MPA,REF,CARRINGTON_REF,34.045351,-120.104516,1899-12-31T12:07:00Z,35.7,soft,low,low,Carrington Pt.,Carrington Pt. REF
CAR_131,2020-10-21T00:00:00Z,3,1,Santa Rosa,Outside Carrington MPA,REF,CARRINGTON_REF,34.047676,-120.116714,1899-12-31T13:03:00Z,37.7,soft,low,low,Carrington Pt.,Carrington Pt. REF
CAR_132,2020-10-21T00:00:00Z,11,1,Santa Rosa,Outside Carrington MPA,REF,CARRINGTON_REF,34.049235,-120.122724,1899-12-31T13:08:00Z,30.3,hard,medium,medium,Carrington Pt.,Carrington Pt. REF
CAR_133,2020-10-21T00:00:00Z,11,1,Santa Rosa,Outside Carrington MPA,REF,CARRINGTON_REF,34.048824,-120.141915,1899-12-31T14:02:00Z,31.7,mixed_hard,high,medium,Carrington Pt.,Carrington Pt. REF
CAR_134,2020-10-21T00:00:00Z,NA,3,Santa Rosa,Outside Carrington MPA,REF,CARRINGTON_REF,34.047386,-120.139987,1899-12-31T14:06:00Z,30.4,NA,NA,NA,Carrington Pt.,Carrington Pt. REF
ANA_205,2021-08-10T00:00:00Z,1,2,Anacapa,Front Side,MPA,ANA_OLD_RESERVE,34.02311,-119.3704,08:58:00,45.8,mixed_hard,medium,1-2m,Anacapa,Anacapa MPA
ANA_206,2021-08-10T00:00:00Z,12,1,Anacapa,Front Side,MPA,ANA_OLD_RESERVE,34.01918,-119.37543,09:22:00,31,mixed_soft,low,1-2m,Anacapa,Anacapa MPA
ANA_207,2021-08-10T00:00:00Z,1,1,Anacapa,Front Side,MPA,ANA_OLD_RESERVE,34.02149,-119.3776,09:44:00,54.2,soft,low,0-1m,Anacapa,Anacapa MPA
ANA_208,2021-08-10T00:00:00Z,12,1,Anacapa,Front Side,MPA,ANA_NEW_RESERVE,34.01941,-119.38075,10:14:00,45.1,mixed_soft,low,0-1m,Anacapa,Anacapa MPA
ANA_209,2021-08-10T00:00:00Z,1,2,Anacapa,Front Side,MPA,ANA_NEW_RESERVE,34.01821,-119.3844,10:42:00,46.8,mixed_hard,low,0-1m,Anacapa,Anacapa MPA
ANA_210,2021-08-10T00:00:00Z,12,1,Anacapa,Front Side,MPA,ANA_NEW_RESERVE,34.01702,-119.3899,11:15:00,49.9,hard,high,>2m,Anacapa,Anacapa MPA
ANA_211,2021-08-10T00:00:00Z,12,3,Anacapa,Back Side,REF,ANA_REF,34.00925,-119.35824,12:04:00,36.8,soft,low,0-1m,Anacapa,Anacapa REF
ANA_212,2021-08-10T00:00:00Z,12,4,Anacapa,Back Side,REF,ANA_REF,34.01407,-119.44846,12:51:00,44.3,NA,NA,NA,Anacapa,Anacapa REF
ANA_213,2021-08-10T00:00:00Z,12,1,Anacapa,Back Side,REF,ANA_REF,33.99598,-119.41435,13:17:00,44.8,mixed_soft,low,0-1m,Anacapa,Anacapa REF
ANA_214,2021-08-10T00:00:00Z,1,1,Anacapa,Back Side,REF,ANA_REF,33.99899,-119.42256,13:31:00,34.2,hard,medium,0-1m,Anacapa,Anacapa REF
ANA_215,2021-08-10T00:00:00Z,13,1,Anacapa,Back Side,REF,ANA_REF,33.99675,-119.42257,13:46:00,50.8,mixed_hard,medium,1-2m,Anacapa,Anacapa REF
ANA_216,2021-08-10T00:00:00Z,13,4,Anacapa,Back Side,REF,ANA_REF,34.00248,-119.42897,14:39:00,31.7,NA,NA,NA,Anacapa,Anacapa REF
ANA_217,2021-08-19T00:00:00Z,12,1,Anacapa,Back Side,REF,ANA_REF,33.99387,-119.38464,08:33:00,74.9,soft,low,0-1m,Anacapa,Anacapa REF
ANA_218,2021-08-19T00:00:00Z,13,1,Anacapa,Back Side,REF,ANA_REF,33.99186,-119.39003,08:52:00,80.2,mixed_hard,high,>2m,Anacapa,Anacapa REF
ANA_219,2021-08-19T00:00:00Z,13,1,Anacapa,Back Side,REF,ANA_REF,33.9903,-119.40723,09:50:00,78.3,mixed_hard,medium,1-2m,Anacapa,Anacapa REF
ANA_220,2021-08-19T00:00:00Z,12,1,Anacapa,Back Side,REF,ANA_REF,33.9901,-119.41337,10:00:00,71.8,soft,low,0-1m,Anacapa,Anacapa REF
ANA_221,2021-08-19T00:00:00Z,1,1,Anacapa,Back Side,REF,ANA_REF,33.99039,-119.4231,10:10:00,71.8,mixed_hard,high,1-2m,Anacapa,Anacapa REF
ANA_222,2021-08-19T00:00:00Z,1,2,Anacapa,Front Side,MPA,ANA_SMCA,34.02545,-119.42052,11:34:00,79.1,soft,low,0-1m,Anacapa,Anacapa MPA
ANA_223,2021-08-19T00:00:00Z,12,1,Anacapa,Front Side,MPA,ANA_SMCA,34.02203,-119.41811,11:50:00,70.5,soft,low,0-1m,Anacapa,Anacapa MPA
ANA_224,2021-08-19T00:00:00Z,13,1,Anacapa,Front Side,MPA,ANA_SMCA,34.02499,-119.42836,11:59:00,74.4,soft,low,0-1m,Anacapa,Anacapa MPA
ANA_225,2021-08-19T00:00:00Z,13,1,Anacapa,Front Side,MPA,ANA_OLD_RESERVE,34.02737,-119.37062,12:58:00,67.5,mixed_soft,medium,1-2m,Anacapa,Anacapa MPA
ANA_226,2021-08-19T00:00:00Z,12,1,Anacapa,Front Side,MPA,ANA_OLD_RESERVE,34.02791,-119.37434,13:07:00,73.4,mixed_soft,medium,1-2m,Anacapa,Anacapa MPA
ANA_227,2021-08-19T00:00:00Z,1,2,Anacapa,Front Side,MPA,ANA_NEW_RESERVE,34.02729,-119.37888,13:18:00,72.6,mixed_soft,medium,0-1m,Anacapa,Anacapa MPA
ANA_228,2021-08-19T00:00:00Z,12,1,Anacapa,Front Side,MPA,ANA_NEW_RESERVE,34.02375,-119.3869,14:21:00,73.7,soft,low,0-1m,Anacapa,Anacapa MPA
ANA_229,2021-08-19T00:00:00Z,13,1,Anacapa,Front Side,MPA,ANA_NEW_RESERVE,34.01822,-119.39426,14:38:00,57.2,soft,low,0-1m,Anacapa,Anacapa MPA
ANA_230,2021-08-24T00:00:00Z,12,1,Anacapa,Front Side,MPA,ANA_OLD_RESERVE,34.02836,-119.37195,08:03:00,72.6,soft,low,0-1m,Anacapa,Anacapa MPA
ANA_231,2021-08-24T00:00:00Z,13,2,Anacapa,Front Side,MPA,ANA_OLD_RESERVE,34.02644,-119.36629,08:25:00,61.4,soft,low,0-1m,Anacapa,Anacapa MPA
ANA_232,2021-08-24T00:00:00Z,13,1,Anacapa,Back Side,REF,ANA_REF,33.99822,-119.36343,09:42:00,73,soft,low,0-1m,Anacapa,Anacapa REF
ANA_233,2021-08-24T00:00:00Z,12,4,Anacapa,Back Side,REF,ANA_REF,33.99653,-119.3733,09:55:00,69.8,mixed_hard,high,>2m,Anacapa,Anacapa REF
ANA_234,2021-08-24T00:00:00Z,1,1,Anacapa,Front Side,MPA,ANA_OLD_RESERVE,34.02848,-119.36958,08:41:00,71.1,mixed_soft,low,0-1m,Anacapa,Anacapa MPA
ANA_235,2021-08-24T00:00:00Z,1,1,Anacapa,Back Side,REF,ANA_REF,33.99836,-119.35899,09:33:00,74.6,soft,low,0-1m,Anacapa,Anacapa REF
ANA_236,2021-08-24T00:00:00Z,12,2,Anacapa,Back Side,REF,ANA_REF,33.99993,-119.37371,11:02:00,52.7,mixed_hard,high,>2m,Anacapa,Anacapa REF
ANA_237,2021-08-24T00:00:00Z,13,2,Anacapa,Back Side,REF,ANA_REF,33.99921,-119.37733,11:19:00,51.3,mixed_hard,medium,1-2m,Anacapa,Anacapa REF
ANA_238,2021-08-24T00:00:00Z,1,2,Anacapa,Back Side,REF,ANA_REF,33.99914,-119.38622,11:35:00,50.5,mixed_soft,low,0-1m,Anacapa,Anacapa REF
ANA_239,2021-08-24T00:00:00Z,1,2,Anacapa,Front Side,MPA,ANA_OLD_RESERVE,34.02236,-119.37516,12:45:00,54.1,mixed_soft,low,0-1m,Anacapa,Anacapa MPA
ANA_240,2021-08-24T00:00:00Z,13,2,Anacapa,Front Side,MPA,ANA_OLD_RESERVE,34.02447,-119.37599,13:03:00,61.2,mixed_hard,high,1-2m,Anacapa,Anacapa MPA
ANA_241,2021-08-24T00:00:00Z,12,3,Anacapa,Front Side,MPA,ANA_OLD_RESERVE,34.02362,-119.3735,13:10:00,55.4,mixed_hard,medium,0-1m,Anacapa,Anacapa MPA
ANA_242,2021-09-16T00:00:00Z,13,1,Anacapa,Back Side,REF,ANA_REF,33.99137,-119.411,09:03:00,62.6,mixed_hard,medium,1-2m,Anacapa,Anacapa REF
ANA_243,2021-09-16T00:00:00Z,12,2,Anacapa,Back Side,REF,ANA_REF,33.99218,-119.41862,09:14:00,60.1,mixed_hard,low,0-1m,Anacapa,Anacapa REF
ANA_244,2021-09-16T00:00:00Z,1,1,Anacapa,Back Side,REF,ANA_REF,33.99418,-119.42542,09:23:00,59,hard,high,1-2m,Anacapa,Anacapa REF
ANA_245,2021-09-16T00:00:00Z,1,1,Anacapa,Back Side,REF,ANA_REF,33.99866,-119.4307,10:23:00,54.5,soft,low,0-1m,Anacapa,Anacapa REF
ANA_246,2021-09-16T00:00:00Z,12,1,Anacapa,Back Side,REF,ANA_REF,34.00056,-119.43807,10:34:00,51.4,hard,high,0-1m,Anacapa,Anacapa REF
ANA_247,2021-09-16T00:00:00Z,13,1,Anacapa,Back Side,REF,ANA_REF,34.00408,-119.44057,10:47:00,51.2,soft,low,0-1m,Anacapa,Anacapa REF
ANA_248,2021-09-16T00:00:00Z,13,1,Anacapa,Front Side,MPA,ANA_NEW_RESERVE,34.01809,-119.39003,12:07:00,50.2,hard,high,>2m,Anacapa,Anacapa MPA
ANA_249,2021-09-16T00:00:00Z,12,2,Anacapa,Front Side,MPA,ANA_NEW_RESERVE,34.01741,-119.39332,12:23:00,50.1,NA,NA,NA,Anacapa,Anacapa MPA
ANA_250,2021-09-16T00:00:00Z,1,1,Anacapa,Front Side,MPA,ANA_NEW_RESERVE,34.01994,-119.38267,12:34:00,55.2,mixed_hard,low,0-1m,Anacapa,Anacapa MPA
ANA_251,2021-09-16T00:00:00Z,1,1,Anacapa,Front Side,MPA,ANA_OLD_RESERVE,34.02488,-119.37436,13:38:00,59.8,mixed_soft,low,0-1m,Anacapa,Anacapa MPA
ANA_252,2021-09-16T00:00:00Z,12,1,Anacapa,Front Side,MPA,ANA_OLD_RESERVE,34.02465,-119.37009,13:57:00,54.6,mixed_hard,high,>2m,Anacapa,Anacapa MPA
ANA_253,2021-09-16T00:00:00Z,13,1,Anacapa,Front Side,MPA,ANA_OLD_RESERVE,34.02569,-119.36361,14:11:00,55.8,mixed_hard,high,1-2m,Anacapa,Anacapa MPA
ANA_254,2021-11-09T00:00:00Z,13,1,Anacapa,Back Side,REF,ANA_REF,34.00805,-119.35684,09:42:00,47,soft,low,0-1m,Anacapa,Anacapa REF
ANA_255,2021-11-09T00:00:00Z,12,1,Anacapa,Back Side,REF,ANA_REF,34.00627,-119.3635,09:51:00,45.1,mixed_soft,medium,1-2m,Anacapa,Anacapa REF
ANA_256,2021-11-09T00:00:00Z,1,1,Anacapa,Back Side,REF,ANA_REF,34.0063,-119.3675,10:01:00,38.8,mixed_hard,medium,>2m,Anacapa,Anacapa REF
ANA_257,2021-11-09T00:00:00Z,1,3,Anacapa,Back Side,REF,ANA_REF,33.99468,-119.40359,11:06:00,44.4,hard,medium,1-2m,Anacapa,Anacapa REF
ANA_258,2021-11-09T00:00:00Z,12,1,Anacapa,Back Side,REF,ANA_REF,33.99591,-119.40736,11:13:00,39.9,hard,high,1-2m,Anacapa,Anacapa REF
ANA_259,2021-11-09T00:00:00Z,13,1,Anacapa,Back Side,REF,ANA_REF,33.99442,-119.41628,11:29:00,49.6,mixed_hard,medium,1-2m,Anacapa,Anacapa REF
ANA_260,2021-11-09T00:00:00Z,13,1,Anacapa,Front Side,MPA,ANA_NEW_RESERVE,34.01591,-119.38579,13:15:00,34.2,mixed_hard,medium,1-2m,Anacapa,Anacapa MPA
ANA_261,2021-11-09T00:00:00Z,12,1,Anacapa,Front Side,MPA,ANA_NEW_RESERVE,34.01686,-119.38743,13:28:00,44,mixed_hard,medium,0-1m,Anacapa,Anacapa MPA
ANA_262,2021-11-09T00:00:00Z,1,1,Anacapa,Front Side,MPA,ANA_NEW_RESERVE,34.01604,-119.39119,13:38:00,38.3,hard,medium,1-2m,Anacapa,Anacapa MPA
ANA_264,2021-11-20T00:00:00Z,13,1,Anacapa,Front Side,MPA,ANA_OLD_RESERVE,34.02098,-119.36325,08:47:00,30.5,mixed_soft,low,1-2m,Anacapa,Anacapa MPA
ANA_265,2021-11-20T00:00:00Z,12,2,Anacapa,Front Side,MPA,ANA_OLD_RESERVE,34.02225,-119.36017,08:53:00,41.3,mixed_hard,medium,0-1m,Anacapa,Anacapa MPA
ANA_266,2021-11-20T00:00:00Z,12,2,Anacapa,Front Side,MPA,ANA_SMCA,34.01846,-119.43825,10:31:00,30.5,hard,high,>2m,Anacapa,Anacapa MPA
ANA_267,2021-11-20T00:00:00Z,13,1,Anacapa,Front Side,MPA,ANA_SMCA,34.01846,-119.43269,10:37:00,33.7,mixed_hard,low,0-1m,Anacapa,Anacapa MPA
ANA_268,2021-11-20T00:00:00Z,1,4,Anacapa,Front Side,MPA,ANA_SMCA,34.02077,-119.42962,10:54:00,53.6,NA,NA,NA,Anacapa,Anacapa MPA
ANA_269,2021-11-20T00:00:00Z,1,4,Anacapa,Back Side,REF,ANA_REF,34.01374,-119.44833,12:15:00,36.1,NA,NA,NA,Anacapa,Anacapa REF
ANA_270,2021-11-20T00:00:00Z,13,2,Anacapa,Back Side,REF,ANA_REF,34.0066,-119.43873,13:26:00,41.7,mixed_hard,high,>2m,Anacapa,Anacapa REF
ANA_271,2021-11-20T00:00:00Z,12,2,Anacapa,Back Side,REF,ANA_REF,34.00375,-119.43266,13:33:00,41.8,mixed_hard,high,>2m,Anacapa,Anacapa REF
CAR_200,2021-08-09T00:00:00Z,13,3,Santa Rosa,Carrington MPA,MPA,CARRINGTON_MPA,34.04448,-120.0256,09:09:00,33.1,hard,high,1-2m,Carrington Pt.,Carrington Pt. MPA
CAR_201,2021-08-09T00:00:00Z,12,4,Santa Rosa,Carrington MPA,MPA,CARRINGTON_MPA,34.04639,-120.03312,09:31:00,33.5,soft,medium,0-1m,Carrington Pt.,Carrington Pt. MPA
CAR_202,2021-08-09T00:00:00Z,12,1,Santa Rosa,Carrington MPA,MPA,CARRINGTON_MPA,34.04918,-120.08176,10:29:00,34.4,hard,high,1-2m,Carrington Pt.,Carrington Pt. MPA
CAR_203,2021-08-09T00:00:00Z,13,1,Santa Rosa,Carrington MPA,MPA,CARRINGTON_MPA,34.05903,-120.08206,10:41:00,37.3,hard,high,1-2m,Carrington Pt.,Carrington Pt. MPA
CAR_204,2021-08-09T00:00:00Z,13,3,Santa Rosa,Carrington MPA,MPA,CARRINGTON_MPA,34.06068,-120.06728,11:48:00,35.1,NA,NA,NA,Carrington Pt.,Carrington Pt. MPA
CAR_205,2021-08-09T00:00:00Z,12,1,Santa Rosa,Carrington MPA,MPA,CARRINGTON_MPA,34.06374,-120.08333,12:05:00,43.9,mixed_hard,medium,0-1m,Carrington Pt.,Carrington Pt. MPA
CAR_206,2021-08-09T00:00:00Z,1,1,Santa Rosa,Outside Carrington MPA,REF,CARRINGTON_REF,34.06837,-120.08125,12:22:00,50.3,mixed_soft,low,0-1m,Carrington Pt.,Carrington Pt. REF
CAR_207,2021-08-09T00:00:00Z,1,2,Santa Rosa,Outside Carrington MPA,REF,CARRINGTON_REF,34.06534,-120.08831,13:11:00,47.6,NA,NA,NA,Carrington Pt.,Carrington Pt. REF
CAR_208,2021-08-09T00:00:00Z,12,1,Santa Rosa,Outside Carrington MPA,REF,CARRINGTON_REF,34.05648,-120.09866,13:25:00,49.9,mixed_soft,low,0-1m,Carrington Pt.,Carrington Pt. REF
CAR_209,2021-08-09T00:00:00Z,13,4,Santa Rosa,Outside Carrington MPA,REF,CARRINGTON_REF,34.05989,-120.09078,13:43:00,48,hard,high,1-2m,Carrington Pt.,Carrington Pt. REF
CAR_210,2021-08-09T00:00:00Z,13,2,Santa Rosa,Outside Carrington MPA,REF,CARRINGTON_REF,34.05564,-120.09128,14:44:00,31.2,mixed_hard,medium,1-2m,Carrington Pt.,Carrington Pt. REF
CAR_211,2021-08-09T00:00:00Z,12,1,Santa Rosa,Outside Carrington MPA,REF,CARRINGTON_REF,34.04791,-120.09372,14:57:00,40.1,soft,low,0-1m,Carrington Pt.,Carrington Pt. REF
CAR_212,2021-08-09T00:00:00Z,1,1,Santa Rosa,Outside Carrington MPA,REF,CARRINGTON_REF,34.05172,-120.10309,15:07:00,47.2,soft,low,0-1m,Carrington Pt.,Carrington Pt. REF
CAR_213,2021-08-13T00:00:00Z,12,1,Santa Rosa,Outside Carrington MPA,REF,CARRINGTON_REF,34.075,-120.05841,08:09:00,62.5,hard,low,0-1m,Carrington Pt.,Carrington Pt. REF
CAR_214,2021-08-13T00:00:00Z,13,2,Santa Rosa,Outside Carrington MPA,REF,CARRINGTON_REF,34.075,-120.06208,08:18:00,49,mixed_hard,medium,0-1m,Carrington Pt.,Carrington Pt. REF
CAR_215,2021-08-13T00:00:00Z,1,1,Santa Rosa,Outside Carrington MPA,REF,CARRINGTON_REF,34.07267,-120.06371,08:30:00,49.5,soft,low,0-1m,Carrington Pt.,Carrington Pt. REF
CAR_216,2021-08-13T00:00:00Z,1,1,Santa Rosa,Carrington MPA,MPA,CARRINGTON_MPA,34.06282,-120.0552,09:19:00,39.4,hard,low,0-1m,Carrington Pt.,Carrington Pt. MPA
CAR_217,2021-08-13T00:00:00Z,13,1,Santa Rosa,Carrington MPA,MPA,CARRINGTON_MPA,34.06163,-120.05155,09:28:00,44.8,mixed_hard,low,0-1m,Carrington Pt.,Carrington Pt. MPA
CAR_218,2021-08-13T00:00:00Z,12,1,Santa Rosa,Carrington MPA,MPA,CARRINGTON_MPA,34.05801,-120.05175,09:35:00,36.2,soft,low,0-1m,Carrington Pt.,Carrington Pt. MPA
CAR_219,2021-08-13T00:00:00Z,12,1,Santa Rosa,Carrington MPA,MPA,CARRINGTON_MPA,34.05791,-120.06557,10:31:00,36.9,mixed_hard,high,1-2m,Carrington Pt.,Carrington Pt. MPA
CAR_220,2021-08-13T00:00:00Z,13,1,Santa Rosa,Carrington MPA,MPA,CARRINGTON_MPA,34.0535,-120.0598,10:39:00,34.3,soft,low,0-1m,Carrington Pt.,Carrington Pt. MPA
CAR_221,2021-08-13T00:00:00Z,1,1,Santa Rosa,Carrington MPA,MPA,CARRINGTON_MPA,34.0632,-120.06091,10:53:00,30.2,hard,low,0-1m,Carrington Pt.,Carrington Pt. MPA
CAR_222,2021-08-13T00:00:00Z,1,1,Santa Rosa,Outside Carrington MPA,REF,CARRINGTON_REF,34.06901,-120.06526,11:38:00,43.4,hard,low,1-2m,Carrington Pt.,Carrington Pt. REF
CAR_223,2021-08-13T00:00:00Z,13,1,Santa Rosa,Outside Carrington MPA,REF,CARRINGTON_REF,34.07064,-120.06875,11:46:00,50.7,mixed_soft,low,0-1m,Carrington Pt.,Carrington Pt. REF
CAR_224,2021-08-13T00:00:00Z,12,1,Santa Rosa,Outside Carrington MPA,REF,CARRINGTON_REF,34.06893,-120.07496,11:54:00,45.8,hard,high,1-2m,Carrington Pt.,Carrington Pt. REF
CAR_225,2021-08-13T00:00:00Z,12,1,Santa Rosa,Outside Carrington MPA,REF,CARRINGTON_REF,34.06165,-120.09077,13:01:00,49,mixed_soft,low,0-1m,Carrington Pt.,Carrington Pt. REF
CAR_226,2021-08-13T00:00:00Z,13,2,Santa Rosa,Outside Carrington MPA,REF,CARRINGTON_REF,34.05845,-120.09225,13:07:00,48.3,mixed_soft,low,0-1m,Carrington Pt.,Carrington Pt. REF
CAR_227,2021-08-13T00:00:00Z,13,1,Santa Rosa,Outside Carrington MPA,REF,CARRINGTON_REF,34.05605,-120.09631,13:55:00,43.7,soft,low,0-1m,Carrington Pt.,Carrington Pt. REF
CAR_228,2021-08-13T00:00:00Z,12,2,Santa Rosa,Outside Carrington MPA,REF,CARRINGTON_REF,34.05441,-120.10172,14:02:00,49.5,soft,low,1-2m,Carrington Pt.,Carrington Pt. REF
CAR_229,2021-08-17T00:00:00Z,12,4,Santa Rosa,Carrington MPA,MPA,CARRINGTON_MPA,34.06284,-120.06542,08:18:00,35.4,soft,low,0-1m,Carrington Pt.,Carrington Pt. MPA
CAR_230,2021-08-17T00:00:00Z,12,2,Santa Rosa,Carrington MPA,MPA,CARRINGTON_MPA,34.05108,-120.08063,08:49:00,32.6,hard,low,0-1m,Carrington Pt.,Carrington Pt. MPA
CAR_231,2021-08-17T00:00:00Z,13,1,Santa Rosa,Carrington MPA,MPA,CARRINGTON_MPA,34.05183,-120.08466,09:01:00,32.7,hard,low,0-1m,Carrington Pt.,Carrington Pt. MPA
CAR_232,2021-08-17T00:00:00Z,1,1,Santa Rosa,Carrington MPA,MPA,CARRINGTON_MPA,34.04677,-120.08418,09:16:00,30.2,mixed_soft,low,0-1m,Carrington Pt.,Carrington Pt. MPA
CAR_233,2021-08-17T00:00:00Z,1,1,Santa Rosa,Carrington MPA,MPA,CARRINGTON_MPA,34.06075,-120.08334,10:21:00,44.2,soft,low,0-1m,Carrington Pt.,Carrington Pt. MPA
CAR_234,2021-08-17T00:00:00Z,13,2,Santa Rosa,Carrington MPA,MPA,CARRINGTON_MPA,34.05991,-120.08014,10:36:00,33.1,hard,medium,1-2m,Carrington Pt.,Carrington Pt. MPA
CAR_235,2021-08-17T00:00:00Z,12,3,Santa Rosa,Carrington MPA,MPA,CARRINGTON_MPA,34.06223,-120.07809,10:50:00,40.7,mixed_hard,high,1-2m,Carrington Pt.,Carrington Pt. MPA
CAR_236,2021-08-17T00:00:00Z,12,2,Santa Rosa,Carrington MPA,MPA,CARRINGTON_MPA,34.04737,-120.08061,11:51:00,32,hard,low,0-1m,Carrington Pt.,Carrington Pt. MPA
CAR_237,2021-08-17T00:00:00Z,13,1,Santa Rosa,Carrington MPA,MPA,CARRINGTON_MPA,34.0495,-120.08465,12:13:00,33.2,mixed_soft,low,0-1m,Carrington Pt.,Carrington Pt. MPA
CAR_238,2021-08-17T00:00:00Z,13,2,Santa Rosa,Outside Carrington MPA,REF,CARRINGTON_REF,34.04787,-120.11794,13:00:00,30.2,mixed_hard,medium,1-2m,Carrington Pt.,Carrington Pt. REF
CAR_239,2021-08-17T00:00:00Z,12,4,Santa Rosa,Outside Carrington MPA,REF,CARRINGTON_REF,34.0494,-120.12635,13:13:00,30.5,NA,low,NA,Carrington Pt.,Carrington Pt. REF
CAR_240,2021-08-17T00:00:00Z,12,1,Santa Rosa,Outside Carrington MPA,REF,CARRINGTON_REF,34.04742,-120.13972,14:15:00,30.6,hard,high,>2m,Carrington Pt.,Carrington Pt. REF
CAR_241,2021-08-31T00:00:00Z,13,1,Santa Rosa,Carrington MPA,MPA,CARRINGTON_MPA,34.05289,-120.04568,08:07:00,34.2,hard,high,>2m,Carrington Pt.,Carrington Pt. MPA
CAR_242,2021-08-31T00:00:00Z,12,1,Santa Rosa,Carrington MPA,MPA,CARRINGTON_MPA,34.05287,-120.0489,08:23:00,32,mixed_hard,medium,>2m,Carrington Pt.,Carrington Pt. MPA
CAR_243,2021-08-31T00:00:00Z,1,1,Santa Rosa,Carrington MPA,MPA,CARRINGTON_MPA,34.05407,-120.05344,08:38:00,31.8,hard,medium,1-2m,Carrington Pt.,Carrington Pt. MPA
CAR_244,2021-08-31T00:00:00Z,1,1,Santa Rosa,Carrington MPA,MPA,CARRINGTON_MPA,34.0598,-120.07583,09:32:00,31,hard,high,0-1m,Carrington Pt.,Carrington Pt. MPA
CAR_245,2021-08-31T00:00:00Z,12,1,Santa Rosa,Carrington MPA,MPA,CARRINGTON_MPA,34.05919,-120.07893,09:39:00,32.3,hard,high,1-2m,Carrington Pt.,Carrington Pt. MPA
CAR_246,2021-08-31T00:00:00Z,13,1,Santa Rosa,Carrington MPA,MPA,CARRINGTON_MPA,34.06166,-120.08133,09:48:00,40.1,hard,high,1-2m,Carrington Pt.,Carrington Pt. MPA
CAR_247,2021-08-31T00:00:00Z,13,4,Santa Rosa,Outside Carrington MPA,REF,CARRINGTON_REF,34.05475,-120.09463,10:56:00,37.4,NA,NA,NA,Carrington Pt.,Carrington Pt. REF
CAR_248,2021-08-31T00:00:00Z,12,1,Santa Rosa,Outside Carrington MPA,REF,CARRINGTON_REF,34.0551,-120.09789,11:04:00,44.4,soft,low,0-1m,Carrington Pt.,Carrington Pt. REF
CAR_249,2021-08-31T00:00:00Z,1,2,Santa Rosa,Outside Carrington MPA,REF,CARRINGTON_REF,34.05068,-120.09975,11:15:00,43.6,hard,medium,1-2m,Carrington Pt.,Carrington Pt. REF
CAR_250,2021-08-31T00:00:00Z,1,1,Santa Rosa,Outside Carrington MPA,REF,CARRINGTON_REF,34.04926,-120.12022,12:09:00,34.3,mixed_soft,low,0-1m,Carrington Pt.,Carrington Pt. REF
CAR_251,2021-08-31T00:00:00Z,12,2,Santa Rosa,Outside Carrington MPA,REF,CARRINGTON_REF,34.05054,-120.12821,12:18:00,30.8,hard,high,>2m,Carrington Pt.,Carrington Pt. REF
CAR_252,2021-08-31T00:00:00Z,13,1,Santa Rosa,Outside Carrington MPA,REF,CARRINGTON_REF,34.05235,-120.13355,12:28:00,30.2,hard,high,>2m,Carrington Pt.,Carrington Pt. REF
CAR_253,2021-09-09T00:00:00Z,13,4,Santa Rosa,Outside Carrington MPA,REF,CARRINGTON_REF,34.05433,-120.10418,08:16:00,49.6,NA,NA,NA,Carrington Pt.,Carrington Pt. REF
CAR_254,2021-09-09T00:00:00Z,12,2,Santa Rosa,Outside Carrington MPA,REF,CARRINGTON_REF,34.05572,-120.09285,08:32:00,35.5,mixed_hard,high,1-2m,Carrington Pt.,Carrington Pt. REF
CAR_255,2021-09-09T00:00:00Z,1,1,Santa Rosa,Outside Carrington MPA,REF,CARRINGTON_REF,34.06248,-120.08825,08:45:00,44.4,soft,low,>2m,Carrington Pt.,Carrington Pt. REF
CAR_256,2021-09-09T00:00:00Z,1,2,Santa Rosa,Carrington MPA,MPA,CARRINGTON_MPA,34.06248,-120.07133,09:35:00,32.4,hard,high,1-2m,Carrington Pt.,Carrington Pt. MPA
CAR_257,2021-09-09T00:00:00Z,12,2,Santa Rosa,Carrington MPA,MPA,CARRINGTON_MPA,34.06075,-120.06934,09:44:00,33.6,mixed_soft,medium,0-1m,Carrington Pt.,Carrington Pt. MPA
CAR_258,2021-09-09T00:00:00Z,13,1,Santa Rosa,Carrington MPA,MPA,CARRINGTON_MPA,34.06338,-120.05768,09:54:00,31.3,hard,high,1-2m,Carrington Pt.,Carrington Pt. MPA
CAR_259,2021-09-09T00:00:00Z,13,1,Santa Rosa,Carrington MPA,MPA,CARRINGTON_MPA,34.0526,-120.06118,11:02:00,30.3,hard,high,>2m,Carrington Pt.,Carrington Pt. MPA
CAR_260,2021-09-09T00:00:00Z,12,1,Santa Rosa,Carrington MPA,MPA,CARRINGTON_MPA,34.05288,-120.048,11:12:00,34.2,mixed_hard,medium,>2m,Carrington Pt.,Carrington Pt. MPA
CAR_261,2021-09-09T00:00:00Z,1,3,Santa Rosa,Carrington MPA,MPA,CARRINGTON_MPA,34.05018,-120.03828,11:22:00,36.1,mixed_hard,low,0-1m,Carrington Pt.,Carrington Pt. MPA
CAR_262,2021-09-09T00:00:00Z,1,1,Santa Rosa,Outside Carrington MPA,REF,CARRINGTON_REF,34.06863,-120.05759,12:19:00,49,mixed_soft,low,0-1m,Carrington Pt.,Carrington Pt. REF
CAR_263,2021-09-09T00:00:00Z,12,1,Santa Rosa,Outside Carrington MPA,REF,CARRINGTON_REF,34.07066,-120.06371,12:26:00,44.7,mixed_hard,medium,>2m,Carrington Pt.,Carrington Pt. REF
CAR_264,2021-09-09T00:00:00Z,13,1,Santa Rosa,Outside Carrington MPA,REF,CARRINGTON_REF,34.06808,-120.06802,12:36:00,46.7,mixed_soft,low,0-1m,Carrington Pt.,Carrington Pt. REF
CAR_265,2021-09-17T00:00:00Z,13,1,Santa Rosa,Outside Carrington MPA,REF,CARRINGTON_REF,34.04946,-120.12296,11:30:00,30.3,hard,low,0-1m,Carrington Pt.,Carrington Pt. REF
CAR_266,2021-09-17T00:00:00Z,12,1,Santa Rosa,Outside Carrington MPA,REF,CARRINGTON_REF,34.05333,-120.14322,11:40:00,31,hard,high,1-2m,Carrington Pt.,Carrington Pt. REF
CAR_267,2021-09-17T00:00:00Z,1,2,Santa Rosa,Outside Carrington MPA,REF,CARRINGTON_REF,34.05002,-120.14532,11:49:00,31.2,mixed_hard,medium,1-2m,Carrington Pt.,Carrington Pt. REF
CAR_268,2021-09-17T00:00:00Z,1,4,Santa Rosa,Outside Carrington MPA,REF,CARRINGTON_REF,34.06764,-120.08545,12:59:00,48.8,mixed_hard,high,>2m,Carrington Pt.,Carrington Pt. REF
CAR_269,2021-09-17T00:00:00Z,12,1,Santa Rosa,Outside Carrington MPA,REF,CARRINGTON_REF,34.06977,-120.07139,13:07:00,44.9,hard,high,1-2m,Carrington Pt.,Carrington Pt. REF
CAR_270,2021-09-17T00:00:00Z,13,1,Santa Rosa,Outside Carrington MPA,REF,CARRINGTON_REF,34.07251,-120.07101,13:13:00,46.8,mixed_hard,medium,0-1m,Carrington Pt.,Carrington Pt. REF
CAR_271,2021-09-17T00:00:00Z,13,2,Santa Rosa,Carrington MPA,MPA,CARRINGTON_MPA,34.06502,-120.05952,08:47:00,30.3,hard,medium,>2m,Carrington Pt.,Carrington Pt. MPA
CAR_272,2021-09-17T00:00:00Z,12,1,Santa Rosa,Carrington MPA,MPA,CARRINGTON_MPA,34.06307,-120.06248,08:58:00,30.4,mixed_hard,low,0-1m,Carrington Pt.,Carrington Pt. MPA
CAR_273,2021-09-17T00:00:00Z,1,2,Santa Rosa,Carrington MPA,MPA,CARRINGTON_MPA,34.05888,-120.0671,09:06:00,35.1,hard,high,1-2m,Carrington Pt.,Carrington Pt. MPA
CAR_274,2021-09-17T00:00:00Z,1,1,Santa Rosa,Carrington MPA,MPA,CARRINGTON_MPA,34.05996,-120.07807,09:55:00,32.3,mixed_hard,medium,1-2m,Carrington Pt.,Carrington Pt. MPA
CAR_275,2021-09-17T00:00:00Z,12,1,Santa Rosa,Carrington MPA,MPA,CARRINGTON_MPA,34.05927,-120.08602,10:04:00,37.5,mixed_soft,low,0-1m,Carrington Pt.,Carrington Pt. MPA
CAR_276,2021-09-17T00:00:00Z,13,1,Santa Rosa,Carrington MPA,MPA,CARRINGTON_MPA,34.06371,-120.08548,10:16:00,42.6,mixed_soft,low,0-1m,Carrington Pt.,Carrington Pt. MPA
